episode,steps_done,timestep,total_reward,loss
0,17,16,0.0,"tensor(0.0010, grad_fn=<SmoothL1LossBackward0>)"
1,67,49,20.0,"tensor(0.2992, grad_fn=<SmoothL1LossBackward0>)"
2,258,190,110.0,"tensor(0.0003, grad_fn=<SmoothL1LossBackward0>)"
3,410,151,25.0,"tensor(0.2976, grad_fn=<SmoothL1LossBackward0>)"
4,466,55,20.0,"tensor(0.2970, grad_fn=<SmoothL1LossBackward0>)"
5,471,4,0.0,"tensor(0.8898, grad_fn=<SmoothL1LossBackward0>)"
6,585,113,70.0,"tensor(0.2962, grad_fn=<SmoothL1LossBackward0>)"
7,602,16,10.0,"tensor(0.0003, grad_fn=<SmoothL1LossBackward0>)"
8,641,38,20.0,"tensor(0.0006, grad_fn=<SmoothL1LossBackward0>)"
9,646,4,0.0,"tensor(0.5917, grad_fn=<SmoothL1LossBackward0>)"
10,651,4,0.0,"tensor(0.5905, grad_fn=<SmoothL1LossBackward0>)"
11,661,9,0.0,"tensor(0.2969, grad_fn=<SmoothL1LossBackward0>)"
12,721,59,30.0,"tensor(0.0016, grad_fn=<SmoothL1LossBackward0>)"
13,764,42,20.0,"tensor(0.2948, grad_fn=<SmoothL1LossBackward0>)"
14,960,195,60.0,"tensor(0.2977, grad_fn=<SmoothL1LossBackward0>)"
15,1036,75,20.0,"tensor(0.2970, grad_fn=<SmoothL1LossBackward0>)"
16,1047,10,0.0,"tensor(0.8844, grad_fn=<SmoothL1LossBackward0>)"
17,1128,80,40.0,"tensor(0.2956, grad_fn=<SmoothL1LossBackward0>)"
18,1200,71,40.0,"tensor(0.2968, grad_fn=<SmoothL1LossBackward0>)"
19,1253,52,10.0,"tensor(0.2984, grad_fn=<SmoothL1LossBackward0>)"
20,1359,105,50.0,"tensor(0.0012, grad_fn=<SmoothL1LossBackward0>)"
21,1439,79,50.0,"tensor(0.2955, grad_fn=<SmoothL1LossBackward0>)"
22,1451,11,0.0,"tensor(0.2956, grad_fn=<SmoothL1LossBackward0>)"
23,1514,62,40.0,"tensor(0.2958, grad_fn=<SmoothL1LossBackward0>)"
24,1536,21,10.0,"tensor(0.2977, grad_fn=<SmoothL1LossBackward0>)"
25,1549,12,10.0,"tensor(0.2960, grad_fn=<SmoothL1LossBackward0>)"
26,1609,59,40.0,"tensor(0.8876, grad_fn=<SmoothL1LossBackward0>)"
27,2263,653,20.0,"tensor(0.0013, grad_fn=<SmoothL1LossBackward0>)"
28,2349,85,50.0,"tensor(0.5905, grad_fn=<SmoothL1LossBackward0>)"
29,2358,8,0.0,"tensor(0.8868, grad_fn=<SmoothL1LossBackward0>)"
30,2363,4,0.0,"tensor(0.8859, grad_fn=<SmoothL1LossBackward0>)"
31,2374,10,10.0,"tensor(0.2952, grad_fn=<SmoothL1LossBackward0>)"
32,2427,52,30.0,"tensor(0.2976, grad_fn=<SmoothL1LossBackward0>)"
33,2496,68,10.0,"tensor(0.5912, grad_fn=<SmoothL1LossBackward0>)"
34,2502,5,10.0,"tensor(0.8855, grad_fn=<SmoothL1LossBackward0>)"
35,2510,7,0.0,"tensor(0.5904, grad_fn=<SmoothL1LossBackward0>)"
36,2614,103,50.0,"tensor(0.2957, grad_fn=<SmoothL1LossBackward0>)"
37,2618,3,0.0,"tensor(0.2969, grad_fn=<SmoothL1LossBackward0>)"
38,2723,104,80.0,"tensor(0.5905, grad_fn=<SmoothL1LossBackward0>)"
39,2729,5,0.0,"tensor(0.8851, grad_fn=<SmoothL1LossBackward0>)"
40,2776,46,20.0,"tensor(0.2961, grad_fn=<SmoothL1LossBackward0>)"
41,2805,28,20.0,"tensor(0.2971, grad_fn=<SmoothL1LossBackward0>)"
42,2850,44,10.0,"tensor(0.0031, grad_fn=<SmoothL1LossBackward0>)"
43,2872,21,10.0,"tensor(0.5906, grad_fn=<SmoothL1LossBackward0>)"
44,2930,57,20.0,"tensor(0.5904, grad_fn=<SmoothL1LossBackward0>)"
45,2957,26,0.0,"tensor(0.2959, grad_fn=<SmoothL1LossBackward0>)"
46,2962,4,0.0,"tensor(0.5900, grad_fn=<SmoothL1LossBackward0>)"
47,2987,24,10.0,"tensor(0.5894, grad_fn=<SmoothL1LossBackward0>)"
48,3004,16,0.0,"tensor(0.2964, grad_fn=<SmoothL1LossBackward0>)"
49,3012,7,0.0,"tensor(0.5915, grad_fn=<SmoothL1LossBackward0>)"
50,3066,53,50.0,"tensor(0.8855, grad_fn=<SmoothL1LossBackward0>)"
51,3074,7,0.0,"tensor(0.2964, grad_fn=<SmoothL1LossBackward0>)"
52,3109,34,10.0,"tensor(0.5892, grad_fn=<SmoothL1LossBackward0>)"
53,3134,24,10.0,"tensor(0.2953, grad_fn=<SmoothL1LossBackward0>)"
54,3178,43,20.0,"tensor(0.2959, grad_fn=<SmoothL1LossBackward0>)"
55,3183,4,0.0,"tensor(0.8842, grad_fn=<SmoothL1LossBackward0>)"
56,3221,37,10.0,"tensor(0.5882, grad_fn=<SmoothL1LossBackward0>)"
57,3230,8,10.0,"tensor(0.0033, grad_fn=<SmoothL1LossBackward0>)"
58,3235,4,0.0,"tensor(0.5895, grad_fn=<SmoothL1LossBackward0>)"
59,3243,7,0.0,"tensor(0.5891, grad_fn=<SmoothL1LossBackward0>)"
60,3289,45,10.0,"tensor(0.0037, grad_fn=<SmoothL1LossBackward0>)"
61,3353,63,40.0,"tensor(0.5899, grad_fn=<SmoothL1LossBackward0>)"
62,3378,24,10.0,"tensor(0.2953, grad_fn=<SmoothL1LossBackward0>)"
63,3560,181,30.0,"tensor(0.2969, grad_fn=<SmoothL1LossBackward0>)"
64,3583,22,0.0,"tensor(0.0030, grad_fn=<SmoothL1LossBackward0>)"
65,3622,38,10.0,"tensor(0.5888, grad_fn=<SmoothL1LossBackward0>)"
66,3649,26,20.0,"tensor(0.2961, grad_fn=<SmoothL1LossBackward0>)"
67,3662,12,10.0,"tensor(0.5886, grad_fn=<SmoothL1LossBackward0>)"
68,3718,55,10.0,"tensor(0.2951, grad_fn=<SmoothL1LossBackward0>)"
69,3735,16,10.0,"tensor(0.8859, grad_fn=<SmoothL1LossBackward0>)"
70,3773,37,0.0,"tensor(0.2949, grad_fn=<SmoothL1LossBackward0>)"
71,3831,57,20.0,"tensor(0.2951, grad_fn=<SmoothL1LossBackward0>)"
72,3874,42,20.0,"tensor(0.0020, grad_fn=<SmoothL1LossBackward0>)"
73,3876,1,0.0,"tensor(0.0016, grad_fn=<SmoothL1LossBackward0>)"
74,3905,28,10.0,"tensor(0.2947, grad_fn=<SmoothL1LossBackward0>)"
75,3932,26,20.0,"tensor(0.5889, grad_fn=<SmoothL1LossBackward0>)"
76,3990,57,30.0,"tensor(0.5897, grad_fn=<SmoothL1LossBackward0>)"
77,4005,14,10.0,"tensor(0.5894, grad_fn=<SmoothL1LossBackward0>)"
78,4022,16,0.0,"tensor(0.2941, grad_fn=<SmoothL1LossBackward0>)"
79,4065,42,20.0,"tensor(0.5876, grad_fn=<SmoothL1LossBackward0>)"
80,4331,265,80.0,"tensor(0.5893, grad_fn=<SmoothL1LossBackward0>)"
81,4343,11,0.0,"tensor(0.2937, grad_fn=<SmoothL1LossBackward0>)"
82,4345,1,0.0,"tensor(0.2972, grad_fn=<SmoothL1LossBackward0>)"
83,4353,7,0.0,"tensor(0.5887, grad_fn=<SmoothL1LossBackward0>)"
84,4403,49,20.0,"tensor(0.5889, grad_fn=<SmoothL1LossBackward0>)"
85,4429,25,10.0,"tensor(0.0031, grad_fn=<SmoothL1LossBackward0>)"
86,4493,63,20.0,"tensor(0.2977, grad_fn=<SmoothL1LossBackward0>)"
87,4686,192,30.0,"tensor(0.0032, grad_fn=<SmoothL1LossBackward0>)"
88,4724,37,10.0,"tensor(0.2965, grad_fn=<SmoothL1LossBackward0>)"
89,4751,26,20.0,"tensor(0.5880, grad_fn=<SmoothL1LossBackward0>)"
90,4755,3,0.0,"tensor(0.2942, grad_fn=<SmoothL1LossBackward0>)"
91,4761,5,0.0,"tensor(0.2944, grad_fn=<SmoothL1LossBackward0>)"
92,4913,151,50.0,"tensor(0.2943, grad_fn=<SmoothL1LossBackward0>)"
93,4985,71,30.0,"tensor(0.0019, grad_fn=<SmoothL1LossBackward0>)"
94,4999,13,10.0,"tensor(0.0018, grad_fn=<SmoothL1LossBackward0>)"
95,5011,11,10.0,"tensor(0.5889, grad_fn=<SmoothL1LossBackward0>)"
96,5078,66,40.0,"tensor(0.0010, grad_fn=<SmoothL1LossBackward0>)"
97,5199,120,70.0,"tensor(0.5899, grad_fn=<SmoothL1LossBackward0>)"
98,5209,9,0.0,"tensor(0.2939, grad_fn=<SmoothL1LossBackward0>)"
99,5229,19,0.0,"tensor(0.2961, grad_fn=<SmoothL1LossBackward0>)"
100,5236,6,0.0,"tensor(0.0015, grad_fn=<SmoothL1LossBackward0>)"
101,5241,4,0.0,"tensor(0.0011, grad_fn=<SmoothL1LossBackward0>)"
102,5247,5,0.0,"tensor(0.5916, grad_fn=<SmoothL1LossBackward0>)"
103,5273,25,10.0,"tensor(0.5922, grad_fn=<SmoothL1LossBackward0>)"
104,5279,5,0.0,"tensor(0.5891, grad_fn=<SmoothL1LossBackward0>)"
105,5294,14,0.0,"tensor(0.2951, grad_fn=<SmoothL1LossBackward0>)"
106,5363,68,10.0,"tensor(0.2951, grad_fn=<SmoothL1LossBackward0>)"
107,5620,256,90.0,"tensor(0.2954, grad_fn=<SmoothL1LossBackward0>)"
108,5625,4,0.0,"tensor(0.2950, grad_fn=<SmoothL1LossBackward0>)"
109,5632,6,0.0,"tensor(0.2953, grad_fn=<SmoothL1LossBackward0>)"
110,5660,27,0.0,"tensor(0.0008, grad_fn=<SmoothL1LossBackward0>)"
111,5668,7,0.0,"tensor(0.5886, grad_fn=<SmoothL1LossBackward0>)"
112,5705,36,0.0,"tensor(0.2958, grad_fn=<SmoothL1LossBackward0>)"
113,5804,98,50.0,"tensor(0.2948, grad_fn=<SmoothL1LossBackward0>)"
114,5864,59,30.0,"tensor(0.0008, grad_fn=<SmoothL1LossBackward0>)"
115,5868,3,0.0,"tensor(0.2953, grad_fn=<SmoothL1LossBackward0>)"
116,5876,7,0.0,"tensor(0.0011, grad_fn=<SmoothL1LossBackward0>)"
117,5980,103,50.0,"tensor(0.2946, grad_fn=<SmoothL1LossBackward0>)"
118,6007,26,20.0,"tensor(0.0006, grad_fn=<SmoothL1LossBackward0>)"
119,6012,4,0.0,"tensor(1.1783, grad_fn=<SmoothL1LossBackward0>)"
120,6044,31,10.0,"tensor(0.2943, grad_fn=<SmoothL1LossBackward0>)"
121,6049,4,0.0,"tensor(0.0014, grad_fn=<SmoothL1LossBackward0>)"
122,6054,4,0.0,"tensor(0.5882, grad_fn=<SmoothL1LossBackward0>)"
123,6076,21,0.0,"tensor(0.2973, grad_fn=<SmoothL1LossBackward0>)"
124,6102,25,10.0,"tensor(0.2973, grad_fn=<SmoothL1LossBackward0>)"
125,6107,4,0.0,"tensor(0.5905, grad_fn=<SmoothL1LossBackward0>)"
126,6168,60,40.0,"tensor(0.2963, grad_fn=<SmoothL1LossBackward0>)"
127,6254,85,50.0,"tensor(0.2949, grad_fn=<SmoothL1LossBackward0>)"
128,6307,52,10.0,"tensor(0.5891, grad_fn=<SmoothL1LossBackward0>)"
129,6680,372,100.0,"tensor(0.2944, grad_fn=<SmoothL1LossBackward0>)"
130,6696,15,0.0,"tensor(0.2929, grad_fn=<SmoothL1LossBackward0>)"
131,6702,5,0.0,"tensor(0.5884, grad_fn=<SmoothL1LossBackward0>)"
132,6738,35,10.0,"tensor(0.2937, grad_fn=<SmoothL1LossBackward0>)"
133,6754,15,10.0,"tensor(0.2923, grad_fn=<SmoothL1LossBackward0>)"
134,6764,9,0.0,"tensor(0.5890, grad_fn=<SmoothL1LossBackward0>)"
135,6827,62,30.0,"tensor(1.1678, grad_fn=<SmoothL1LossBackward0>)"
136,6871,43,20.0,"tensor(0.2967, grad_fn=<SmoothL1LossBackward0>)"
137,6879,7,0.0,"tensor(0.5897, grad_fn=<SmoothL1LossBackward0>)"
138,6889,9,0.0,"tensor(0.8739, grad_fn=<SmoothL1LossBackward0>)"
139,6894,4,10.0,"tensor(0.3005, grad_fn=<SmoothL1LossBackward0>)"
140,6915,20,10.0,"tensor(0.2990, grad_fn=<SmoothL1LossBackward0>)"
141,6944,28,0.0,"tensor(0.0058, grad_fn=<SmoothL1LossBackward0>)"
142,6964,19,20.0,"tensor(0.0056, grad_fn=<SmoothL1LossBackward0>)"
143,7311,346,60.0,"tensor(0.2942, grad_fn=<SmoothL1LossBackward0>)"
144,7336,24,10.0,"tensor(0.8769, grad_fn=<SmoothL1LossBackward0>)"
145,7367,30,0.0,"tensor(0.0018, grad_fn=<SmoothL1LossBackward0>)"
146,7375,7,0.0,"tensor(0.0015, grad_fn=<SmoothL1LossBackward0>)"
147,7446,70,40.0,"tensor(0.8816, grad_fn=<SmoothL1LossBackward0>)"
148,7488,41,40.0,"tensor(0.0009, grad_fn=<SmoothL1LossBackward0>)"
149,7583,94,50.0,"tensor(0.5872, grad_fn=<SmoothL1LossBackward0>)"
150,7591,7,0.0,"tensor(0.2931, grad_fn=<SmoothL1LossBackward0>)"
151,7600,8,0.0,"tensor(0.0007, grad_fn=<SmoothL1LossBackward0>)"
152,7622,21,0.0,"tensor(0.2969, grad_fn=<SmoothL1LossBackward0>)"
153,7629,6,0.0,"tensor(0.2945, grad_fn=<SmoothL1LossBackward0>)"
154,7676,46,30.0,"tensor(0.5876, grad_fn=<SmoothL1LossBackward0>)"
155,7682,5,0.0,"tensor(0.8842, grad_fn=<SmoothL1LossBackward0>)"
156,7754,71,40.0,"tensor(0.0009, grad_fn=<SmoothL1LossBackward0>)"
157,7914,159,40.0,"tensor(0.5907, grad_fn=<SmoothL1LossBackward0>)"
158,7981,66,30.0,"tensor(0.5875, grad_fn=<SmoothL1LossBackward0>)"
159,7986,4,0.0,"tensor(0.5885, grad_fn=<SmoothL1LossBackward0>)"
160,8149,162,70.0,"tensor(0.2920, grad_fn=<SmoothL1LossBackward0>)"
161,8209,59,10.0,"tensor(0.8790, grad_fn=<SmoothL1LossBackward0>)"
162,8210,0,0.0,"tensor(0.8712, grad_fn=<SmoothL1LossBackward0>)"
163,8230,19,0.0,"tensor(0.2938, grad_fn=<SmoothL1LossBackward0>)"
164,8309,78,20.0,"tensor(0.8787, grad_fn=<SmoothL1LossBackward0>)"
165,8325,15,20.0,"tensor(0.5887, grad_fn=<SmoothL1LossBackward0>)"
166,8328,2,0.0,"tensor(0.3018, grad_fn=<SmoothL1LossBackward0>)"
167,8346,17,0.0,"tensor(0.2941, grad_fn=<SmoothL1LossBackward0>)"
168,8390,43,10.0,"tensor(0.0089, grad_fn=<SmoothL1LossBackward0>)"
169,8395,4,0.0,"tensor(0.2983, grad_fn=<SmoothL1LossBackward0>)"
170,8400,4,0.0,"tensor(0.2941, grad_fn=<SmoothL1LossBackward0>)"
171,8692,291,140.0,"tensor(0.5843, grad_fn=<SmoothL1LossBackward0>)"
172,8699,6,0.0,"tensor(0.0040, grad_fn=<SmoothL1LossBackward0>)"
173,8740,40,20.0,"tensor(0.8804, grad_fn=<SmoothL1LossBackward0>)"
174,8902,161,70.0,"tensor(0.5874, grad_fn=<SmoothL1LossBackward0>)"
175,8906,3,0.0,"tensor(0.5839, grad_fn=<SmoothL1LossBackward0>)"
176,8915,8,0.0,"tensor(0.5824, grad_fn=<SmoothL1LossBackward0>)"
177,8925,9,0.0,"tensor(0.2914, grad_fn=<SmoothL1LossBackward0>)"
178,9118,192,120.0,"tensor(0.2911, grad_fn=<SmoothL1LossBackward0>)"
179,9123,4,0.0,"tensor(0.2927, grad_fn=<SmoothL1LossBackward0>)"
180,9139,15,10.0,"tensor(0.5869, grad_fn=<SmoothL1LossBackward0>)"
181,9196,56,40.0,"tensor(0.5859, grad_fn=<SmoothL1LossBackward0>)"
182,9214,17,0.0,"tensor(0.2906, grad_fn=<SmoothL1LossBackward0>)"
183,9321,106,20.0,"tensor(0.8714, grad_fn=<SmoothL1LossBackward0>)"
184,9393,71,30.0,"tensor(0.5826, grad_fn=<SmoothL1LossBackward0>)"
185,9419,25,10.0,"tensor(0.0021, grad_fn=<SmoothL1LossBackward0>)"
186,9502,82,50.0,"tensor(0.2948, grad_fn=<SmoothL1LossBackward0>)"
187,9521,18,10.0,"tensor(0.2912, grad_fn=<SmoothL1LossBackward0>)"
188,9528,6,10.0,"tensor(0.2941, grad_fn=<SmoothL1LossBackward0>)"
189,9569,40,20.0,"tensor(0.0051, grad_fn=<SmoothL1LossBackward0>)"
190,9596,26,0.0,"tensor(0.2945, grad_fn=<SmoothL1LossBackward0>)"
191,9805,208,70.0,"tensor(0.5785, grad_fn=<SmoothL1LossBackward0>)"
192,9818,12,0.0,"tensor(0.5830, grad_fn=<SmoothL1LossBackward0>)"
193,9907,88,40.0,"tensor(0.5876, grad_fn=<SmoothL1LossBackward0>)"
194,9984,76,30.0,"tensor(0.2863, grad_fn=<SmoothL1LossBackward0>)"
195,10025,40,30.0,"tensor(0.0011, grad_fn=<SmoothL1LossBackward0>)"
196,10055,29,10.0,"tensor(0.8750, grad_fn=<SmoothL1LossBackward0>)"
197,10102,46,10.0,"tensor(0.8792, grad_fn=<SmoothL1LossBackward0>)"
198,10220,117,60.0,"tensor(0.0014, grad_fn=<SmoothL1LossBackward0>)"
199,10334,113,20.0,"tensor(0.5829, grad_fn=<SmoothL1LossBackward0>)"
200,10357,22,30.0,"tensor(0.5787, grad_fn=<SmoothL1LossBackward0>)"
201,10373,15,10.0,"tensor(0.8753, grad_fn=<SmoothL1LossBackward0>)"
202,10403,29,10.0,"tensor(0.2938, grad_fn=<SmoothL1LossBackward0>)"
203,10410,6,0.0,"tensor(0.8638, grad_fn=<SmoothL1LossBackward0>)"
204,10459,48,30.0,"tensor(0.0048, grad_fn=<SmoothL1LossBackward0>)"
205,10722,262,90.0,"tensor(0.5741, grad_fn=<SmoothL1LossBackward0>)"
206,10781,58,40.0,"tensor(0.2872, grad_fn=<SmoothL1LossBackward0>)"
207,10790,8,0.0,"tensor(0.2905, grad_fn=<SmoothL1LossBackward0>)"
208,11001,210,65.0,"tensor(0.5819, grad_fn=<SmoothL1LossBackward0>)"
209,11172,170,90.0,"tensor(0.2969, grad_fn=<SmoothL1LossBackward0>)"
210,11248,75,30.0,"tensor(0.0030, grad_fn=<SmoothL1LossBackward0>)"
211,11269,20,10.0,"tensor(0.5716, grad_fn=<SmoothL1LossBackward0>)"
212,11350,80,40.0,"tensor(0.8649, grad_fn=<SmoothL1LossBackward0>)"
213,11385,34,30.0,"tensor(0.5785, grad_fn=<SmoothL1LossBackward0>)"
214,11423,37,20.0,"tensor(0.5659, grad_fn=<SmoothL1LossBackward0>)"
215,11428,4,0.0,"tensor(0.0063, grad_fn=<SmoothL1LossBackward0>)"
216,11454,25,0.0,"tensor(0.0210, grad_fn=<SmoothL1LossBackward0>)"
217,11473,18,10.0,"tensor(0.2810, grad_fn=<SmoothL1LossBackward0>)"
218,11532,58,30.0,"tensor(0.2884, grad_fn=<SmoothL1LossBackward0>)"
219,11537,4,0.0,"tensor(0.5730, grad_fn=<SmoothL1LossBackward0>)"
220,11552,14,0.0,"tensor(0.0039, grad_fn=<SmoothL1LossBackward0>)"
221,11596,43,10.0,"tensor(0.5746, grad_fn=<SmoothL1LossBackward0>)"
222,11625,28,20.0,"tensor(0.8663, grad_fn=<SmoothL1LossBackward0>)"
223,11669,43,10.0,"tensor(0.0028, grad_fn=<SmoothL1LossBackward0>)"
224,11680,10,0.0,"tensor(0.0019, grad_fn=<SmoothL1LossBackward0>)"
225,11685,4,0.0,"tensor(0.0021, grad_fn=<SmoothL1LossBackward0>)"
226,11700,14,0.0,"tensor(0.0016, grad_fn=<SmoothL1LossBackward0>)"
227,12011,310,110.0,"tensor(0.5644, grad_fn=<SmoothL1LossBackward0>)"
228,12016,4,0.0,"tensor(0.0019, grad_fn=<SmoothL1LossBackward0>)"
229,12071,54,10.0,"tensor(0.5690, grad_fn=<SmoothL1LossBackward0>)"
230,12128,56,30.0,"tensor(0.2878, grad_fn=<SmoothL1LossBackward0>)"
231,12157,28,20.0,"tensor(0.2796, grad_fn=<SmoothL1LossBackward0>)"
232,12286,128,50.0,"tensor(0.0012, grad_fn=<SmoothL1LossBackward0>)"
233,12289,2,0.0,"tensor(0.5732, grad_fn=<SmoothL1LossBackward0>)"
234,12365,75,20.0,"tensor(0.5706, grad_fn=<SmoothL1LossBackward0>)"
235,12459,93,40.0,"tensor(0.0013, grad_fn=<SmoothL1LossBackward0>)"
236,12544,84,30.0,"tensor(0.2943, grad_fn=<SmoothL1LossBackward0>)"
237,12565,20,10.0,"tensor(0.2838, grad_fn=<SmoothL1LossBackward0>)"
238,12658,92,60.0,"tensor(0.2915, grad_fn=<SmoothL1LossBackward0>)"
239,12798,139,60.0,"tensor(0.2766, grad_fn=<SmoothL1LossBackward0>)"
240,13050,251,70.0,"tensor(0.0032, grad_fn=<SmoothL1LossBackward0>)"
241,13064,13,0.0,"tensor(0.8689, grad_fn=<SmoothL1LossBackward0>)"
242,13119,54,20.0,"tensor(0.5682, grad_fn=<SmoothL1LossBackward0>)"
243,13125,5,0.0,"tensor(0.5631, grad_fn=<SmoothL1LossBackward0>)"
244,13130,4,0.0,"tensor(0.2816, grad_fn=<SmoothL1LossBackward0>)"
245,13189,58,20.0,"tensor(0.0048, grad_fn=<SmoothL1LossBackward0>)"
246,13260,70,20.0,"tensor(0.0076, grad_fn=<SmoothL1LossBackward0>)"
247,13280,19,0.0,"tensor(0.2772, grad_fn=<SmoothL1LossBackward0>)"
248,13287,6,0.0,"tensor(0.2909, grad_fn=<SmoothL1LossBackward0>)"
249,13494,206,100.0,"tensor(0.5750, grad_fn=<SmoothL1LossBackward0>)"
250,13593,98,60.0,"tensor(0.5878, grad_fn=<SmoothL1LossBackward0>)"
251,13666,72,20.0,"tensor(0.2840, grad_fn=<SmoothL1LossBackward0>)"
252,13701,34,10.0,"tensor(0.5786, grad_fn=<SmoothL1LossBackward0>)"
253,13727,25,10.0,"tensor(0.5662, grad_fn=<SmoothL1LossBackward0>)"
254,13773,45,20.0,"tensor(0.2822, grad_fn=<SmoothL1LossBackward0>)"
255,13885,111,60.0,"tensor(0.0053, grad_fn=<SmoothL1LossBackward0>)"
256,13990,104,50.0,"tensor(0.2979, grad_fn=<SmoothL1LossBackward0>)"
257,14039,48,10.0,"tensor(0.5620, grad_fn=<SmoothL1LossBackward0>)"
258,14078,38,10.0,"tensor(0.2776, grad_fn=<SmoothL1LossBackward0>)"
259,14089,10,0.0,"tensor(0.2776, grad_fn=<SmoothL1LossBackward0>)"
260,14096,6,0.0,"tensor(0.0054, grad_fn=<SmoothL1LossBackward0>)"
261,14169,72,70.0,"tensor(0.0025, grad_fn=<SmoothL1LossBackward0>)"
262,14242,72,20.0,"tensor(0.0137, grad_fn=<SmoothL1LossBackward0>)"
263,14269,26,0.0,"tensor(0.0059, grad_fn=<SmoothL1LossBackward0>)"
264,14312,42,10.0,"tensor(0.2928, grad_fn=<SmoothL1LossBackward0>)"
265,14373,60,10.0,"tensor(0.0039, grad_fn=<SmoothL1LossBackward0>)"
266,14390,16,0.0,"tensor(0.2835, grad_fn=<SmoothL1LossBackward0>)"
267,14421,30,30.0,"tensor(0.5483, grad_fn=<SmoothL1LossBackward0>)"
268,14600,178,50.0,"tensor(0.2771, grad_fn=<SmoothL1LossBackward0>)"
269,14603,2,0.0,"tensor(0.2873, grad_fn=<SmoothL1LossBackward0>)"
270,14639,35,0.0,"tensor(0.5549, grad_fn=<SmoothL1LossBackward0>)"
271,14656,16,10.0,"tensor(0.2720, grad_fn=<SmoothL1LossBackward0>)"
272,14681,24,10.0,"tensor(0.2844, grad_fn=<SmoothL1LossBackward0>)"
273,14699,17,10.0,"tensor(0.5451, grad_fn=<SmoothL1LossBackward0>)"
274,14739,39,0.0,"tensor(0.2698, grad_fn=<SmoothL1LossBackward0>)"
275,14744,4,0.0,"tensor(0.5422, grad_fn=<SmoothL1LossBackward0>)"
276,14771,26,0.0,"tensor(0.0101, grad_fn=<SmoothL1LossBackward0>)"
277,14800,28,30.0,"tensor(0.5719, grad_fn=<SmoothL1LossBackward0>)"
278,14852,51,20.0,"tensor(0.0025, grad_fn=<SmoothL1LossBackward0>)"
279,14861,8,0.0,"tensor(0.2953, grad_fn=<SmoothL1LossBackward0>)"
280,14878,16,0.0,"tensor(0.2946, grad_fn=<SmoothL1LossBackward0>)"
281,14884,5,0.0,"tensor(0.2962, grad_fn=<SmoothL1LossBackward0>)"
282,14922,37,20.0,"tensor(0.2935, grad_fn=<SmoothL1LossBackward0>)"
283,14936,13,10.0,"tensor(0.5695, grad_fn=<SmoothL1LossBackward0>)"
284,14943,6,0.0,"tensor(0.2859, grad_fn=<SmoothL1LossBackward0>)"
285,14951,7,20.0,"tensor(0.2970, grad_fn=<SmoothL1LossBackward0>)"
286,15014,62,30.0,"tensor(0.0065, grad_fn=<SmoothL1LossBackward0>)"
287,15076,61,20.0,"tensor(0.5340, grad_fn=<SmoothL1LossBackward0>)"
288,15086,9,0.0,"tensor(0.2970, grad_fn=<SmoothL1LossBackward0>)"
289,15102,15,20.0,"tensor(0.0069, grad_fn=<SmoothL1LossBackward0>)"
290,15134,31,20.0,"tensor(0.5757, grad_fn=<SmoothL1LossBackward0>)"
291,15150,15,0.0,"tensor(0.0021, grad_fn=<SmoothL1LossBackward0>)"
292,15159,8,10.0,"tensor(0.2863, grad_fn=<SmoothL1LossBackward0>)"
293,15396,236,20.0,"tensor(0.5635, grad_fn=<SmoothL1LossBackward0>)"
294,15419,22,10.0,"tensor(0.0012, grad_fn=<SmoothL1LossBackward0>)"
295,15468,48,30.0,"tensor(1.1511, grad_fn=<SmoothL1LossBackward0>)"
296,15473,4,0.0,"tensor(0.5320, grad_fn=<SmoothL1LossBackward0>)"
297,15587,113,20.0,"tensor(0.5509, grad_fn=<SmoothL1LossBackward0>)"
298,15629,41,20.0,"tensor(0.3117, grad_fn=<SmoothL1LossBackward0>)"
299,15637,7,0.0,"tensor(0.2542, grad_fn=<SmoothL1LossBackward0>)"
300,15762,124,60.0,"tensor(0.0099, grad_fn=<SmoothL1LossBackward0>)"
301,15782,19,0.0,"tensor(0.5638, grad_fn=<SmoothL1LossBackward0>)"
302,16008,225,90.0,"tensor(0.5686, grad_fn=<SmoothL1LossBackward0>)"
303,16013,4,10.0,"tensor(0.2936, grad_fn=<SmoothL1LossBackward0>)"
304,16028,14,0.0,"tensor(0.0047, grad_fn=<SmoothL1LossBackward0>)"
305,16030,1,0.0,"tensor(0.5318, grad_fn=<SmoothL1LossBackward0>)"
306,16035,4,0.0,"tensor(0.5167, grad_fn=<SmoothL1LossBackward0>)"
307,16089,53,20.0,"tensor(0.5814, grad_fn=<SmoothL1LossBackward0>)"
308,16125,35,20.0,"tensor(0.4740, grad_fn=<SmoothL1LossBackward0>)"
309,16154,28,0.0,"tensor(0.5548, grad_fn=<SmoothL1LossBackward0>)"
310,16174,19,0.0,"tensor(0.2784, grad_fn=<SmoothL1LossBackward0>)"
311,16223,48,0.0,"tensor(0.2768, grad_fn=<SmoothL1LossBackward0>)"
312,16361,137,50.0,"tensor(1.5983, grad_fn=<SmoothL1LossBackward0>)"
313,16523,161,50.0,"tensor(0.7617, grad_fn=<SmoothL1LossBackward0>)"
314,16573,49,20.0,"tensor(0.5423, grad_fn=<SmoothL1LossBackward0>)"
315,16596,22,30.0,"tensor(0.0127, grad_fn=<SmoothL1LossBackward0>)"
316,16730,133,60.0,"tensor(0.3196, grad_fn=<SmoothL1LossBackward0>)"
317,16745,14,0.0,"tensor(0.0122, grad_fn=<SmoothL1LossBackward0>)"
318,16831,85,40.0,"tensor(0.3080, grad_fn=<SmoothL1LossBackward0>)"
319,16892,60,10.0,"tensor(0.0050, grad_fn=<SmoothL1LossBackward0>)"
320,16925,32,20.0,"tensor(0.0065, grad_fn=<SmoothL1LossBackward0>)"
321,16999,73,30.0,"tensor(0.2643, grad_fn=<SmoothL1LossBackward0>)"
322,17142,142,30.0,"tensor(0.2482, grad_fn=<SmoothL1LossBackward0>)"
323,17162,19,10.0,"tensor(0.0078, grad_fn=<SmoothL1LossBackward0>)"
324,17179,16,10.0,"tensor(0.3024, grad_fn=<SmoothL1LossBackward0>)"
325,17182,2,0.0,"tensor(0.2967, grad_fn=<SmoothL1LossBackward0>)"
326,17188,5,0.0,"tensor(0.0055, grad_fn=<SmoothL1LossBackward0>)"
327,17243,54,20.0,"tensor(0.0037, grad_fn=<SmoothL1LossBackward0>)"
328,17260,16,10.0,"tensor(0.7300, grad_fn=<SmoothL1LossBackward0>)"
329,17266,5,0.0,"tensor(0.0035, grad_fn=<SmoothL1LossBackward0>)"
330,17279,12,20.0,"tensor(0.2719, grad_fn=<SmoothL1LossBackward0>)"
331,17308,28,20.0,"tensor(0.5575, grad_fn=<SmoothL1LossBackward0>)"
332,17421,112,80.0,"tensor(0.2856, grad_fn=<SmoothL1LossBackward0>)"
333,17429,7,0.0,"tensor(0.2594, grad_fn=<SmoothL1LossBackward0>)"
334,17475,45,40.0,"tensor(0.5500, grad_fn=<SmoothL1LossBackward0>)"
335,17524,48,20.0,"tensor(0.0188, grad_fn=<SmoothL1LossBackward0>)"
336,17559,34,30.0,"tensor(0.0055, grad_fn=<SmoothL1LossBackward0>)"
337,17632,72,50.0,"tensor(0.6903, grad_fn=<SmoothL1LossBackward0>)"
338,17727,94,105.0,"tensor(0.7751, grad_fn=<SmoothL1LossBackward0>)"
339,17747,19,0.0,"tensor(0.0204, grad_fn=<SmoothL1LossBackward0>)"
340,17852,104,40.0,"tensor(0.2745, grad_fn=<SmoothL1LossBackward0>)"
341,17867,14,0.0,"tensor(0.4784, grad_fn=<SmoothL1LossBackward0>)"
342,17876,8,0.0,"tensor(0.2589, grad_fn=<SmoothL1LossBackward0>)"
343,17980,103,40.0,"tensor(1.2352, grad_fn=<SmoothL1LossBackward0>)"
344,17996,15,0.0,"tensor(0.0181, grad_fn=<SmoothL1LossBackward0>)"
345,18001,4,0.0,"tensor(0.2912, grad_fn=<SmoothL1LossBackward0>)"
346,18006,4,0.0,"tensor(0.5054, grad_fn=<SmoothL1LossBackward0>)"
347,18071,64,20.0,"tensor(1.0428, grad_fn=<SmoothL1LossBackward0>)"
348,18079,7,0.0,"tensor(0.0135, grad_fn=<SmoothL1LossBackward0>)"
349,18084,4,0.0,"tensor(0.2200, grad_fn=<SmoothL1LossBackward0>)"
350,18088,3,0.0,"tensor(0.0201, grad_fn=<SmoothL1LossBackward0>)"
351,18113,24,10.0,"tensor(0.2746, grad_fn=<SmoothL1LossBackward0>)"
352,18121,7,0.0,"tensor(0.7520, grad_fn=<SmoothL1LossBackward0>)"
353,18130,8,0.0,"tensor(0.8234, grad_fn=<SmoothL1LossBackward0>)"
354,18181,50,20.0,"tensor(0.0408, grad_fn=<SmoothL1LossBackward0>)"
355,18244,62,30.0,"tensor(0.2645, grad_fn=<SmoothL1LossBackward0>)"
356,18264,19,10.0,"tensor(0.0059, grad_fn=<SmoothL1LossBackward0>)"
357,18324,59,20.0,"tensor(0.0068, grad_fn=<SmoothL1LossBackward0>)"
358,18452,127,30.0,"tensor(0.3071, grad_fn=<SmoothL1LossBackward0>)"
359,18493,40,20.0,"tensor(0.2826, grad_fn=<SmoothL1LossBackward0>)"
360,18524,30,20.0,"tensor(0.2312, grad_fn=<SmoothL1LossBackward0>)"
361,18600,75,50.0,"tensor(1.5246, grad_fn=<SmoothL1LossBackward0>)"
362,18605,4,0.0,"tensor(0.2714, grad_fn=<SmoothL1LossBackward0>)"
363,18656,50,50.0,"tensor(0.3182, grad_fn=<SmoothL1LossBackward0>)"
364,18663,6,20.0,"tensor(0.4936, grad_fn=<SmoothL1LossBackward0>)"
365,18710,46,10.0,"tensor(0.2999, grad_fn=<SmoothL1LossBackward0>)"
366,18724,13,0.0,"tensor(0.9262, grad_fn=<SmoothL1LossBackward0>)"
367,18736,11,0.0,"tensor(0.5044, grad_fn=<SmoothL1LossBackward0>)"
368,18819,82,40.0,"tensor(0.0034, grad_fn=<SmoothL1LossBackward0>)"
369,18834,14,10.0,"tensor(0.0105, grad_fn=<SmoothL1LossBackward0>)"
370,18840,5,10.0,"tensor(0.0114, grad_fn=<SmoothL1LossBackward0>)"
371,18920,79,30.0,"tensor(0.2627, grad_fn=<SmoothL1LossBackward0>)"
372,19033,112,40.0,"tensor(0.0128, grad_fn=<SmoothL1LossBackward0>)"
373,19056,22,0.0,"tensor(0.6196, grad_fn=<SmoothL1LossBackward0>)"
374,19061,4,0.0,"tensor(0.5318, grad_fn=<SmoothL1LossBackward0>)"
375,19186,124,40.0,"tensor(0.5053, grad_fn=<SmoothL1LossBackward0>)"
376,19189,2,0.0,"tensor(0.7038, grad_fn=<SmoothL1LossBackward0>)"
377,19197,7,0.0,"tensor(0.2861, grad_fn=<SmoothL1LossBackward0>)"
378,19207,9,10.0,"tensor(0.2964, grad_fn=<SmoothL1LossBackward0>)"
379,19223,15,10.0,"tensor(0.4952, grad_fn=<SmoothL1LossBackward0>)"
380,19245,21,10.0,"tensor(0.5013, grad_fn=<SmoothL1LossBackward0>)"
381,19255,9,0.0,"tensor(0.2440, grad_fn=<SmoothL1LossBackward0>)"
382,19285,29,10.0,"tensor(0.0054, grad_fn=<SmoothL1LossBackward0>)"
383,19298,12,0.0,"tensor(0.4500, grad_fn=<SmoothL1LossBackward0>)"
384,19374,75,20.0,"tensor(0.7168, grad_fn=<SmoothL1LossBackward0>)"
385,19449,74,30.0,"tensor(0.0060, grad_fn=<SmoothL1LossBackward0>)"
386,19519,69,30.0,"tensor(0.5754, grad_fn=<SmoothL1LossBackward0>)"
387,19541,21,10.0,"tensor(0.0139, grad_fn=<SmoothL1LossBackward0>)"
388,19549,7,0.0,"tensor(0.0168, grad_fn=<SmoothL1LossBackward0>)"
389,19599,49,40.0,"tensor(0.0109, grad_fn=<SmoothL1LossBackward0>)"
390,19609,9,10.0,"tensor(0.5915, grad_fn=<SmoothL1LossBackward0>)"
391,19670,60,30.0,"tensor(0.5208, grad_fn=<SmoothL1LossBackward0>)"
392,19703,32,0.0,"tensor(0.0098, grad_fn=<SmoothL1LossBackward0>)"
393,19729,25,0.0,"tensor(0.0086, grad_fn=<SmoothL1LossBackward0>)"
394,19735,5,10.0,"tensor(0.2768, grad_fn=<SmoothL1LossBackward0>)"
395,19751,15,10.0,"tensor(0.0155, grad_fn=<SmoothL1LossBackward0>)"
396,19800,48,30.0,"tensor(0.2812, grad_fn=<SmoothL1LossBackward0>)"
397,20101,300,135.0,"tensor(0.0039, grad_fn=<SmoothL1LossBackward0>)"
398,20106,4,0.0,"tensor(0.4578, grad_fn=<SmoothL1LossBackward0>)"
399,20133,26,30.0,"tensor(0.4519, grad_fn=<SmoothL1LossBackward0>)"
400,20205,71,40.0,"tensor(0.2990, grad_fn=<SmoothL1LossBackward0>)"
401,20274,68,20.0,"tensor(1.1458, grad_fn=<SmoothL1LossBackward0>)"
402,20283,8,10.0,"tensor(0.1882, grad_fn=<SmoothL1LossBackward0>)"
403,20310,26,0.0,"tensor(0.8818, grad_fn=<SmoothL1LossBackward0>)"
404,20324,13,0.0,"tensor(0.3083, grad_fn=<SmoothL1LossBackward0>)"
405,20355,30,0.0,"tensor(0.5228, grad_fn=<SmoothL1LossBackward0>)"
406,20382,26,10.0,"tensor(1.3857, grad_fn=<SmoothL1LossBackward0>)"
407,20653,270,100.0,"tensor(0.2952, grad_fn=<SmoothL1LossBackward0>)"
408,20691,37,10.0,"tensor(0.4162, grad_fn=<SmoothL1LossBackward0>)"
409,20731,39,10.0,"tensor(0.2365, grad_fn=<SmoothL1LossBackward0>)"
410,20749,17,10.0,"tensor(0.2150, grad_fn=<SmoothL1LossBackward0>)"
411,20796,46,20.0,"tensor(0.0408, grad_fn=<SmoothL1LossBackward0>)"
412,20840,43,20.0,"tensor(0.0391, grad_fn=<SmoothL1LossBackward0>)"
413,20894,53,20.0,"tensor(0.3937, grad_fn=<SmoothL1LossBackward0>)"
414,20902,7,10.0,"tensor(0.3034, grad_fn=<SmoothL1LossBackward0>)"
415,20918,15,10.0,"tensor(0.6131, grad_fn=<SmoothL1LossBackward0>)"
416,21002,83,20.0,"tensor(0.3626, grad_fn=<SmoothL1LossBackward0>)"
417,21077,74,50.0,"tensor(0.0173, grad_fn=<SmoothL1LossBackward0>)"
418,21131,53,10.0,"tensor(0.2673, grad_fn=<SmoothL1LossBackward0>)"
419,21140,8,0.0,"tensor(0.2828, grad_fn=<SmoothL1LossBackward0>)"
420,21155,14,0.0,"tensor(0.3146, grad_fn=<SmoothL1LossBackward0>)"
421,21350,194,80.0,"tensor(0.1973, grad_fn=<SmoothL1LossBackward0>)"
422,21384,33,20.0,"tensor(0.0129, grad_fn=<SmoothL1LossBackward0>)"
423,21415,30,20.0,"tensor(0.3613, grad_fn=<SmoothL1LossBackward0>)"
424,21447,31,10.0,"tensor(1.0413, grad_fn=<SmoothL1LossBackward0>)"
425,21459,11,20.0,"tensor(0.0158, grad_fn=<SmoothL1LossBackward0>)"
426,21468,8,20.0,"tensor(0.7903, grad_fn=<SmoothL1LossBackward0>)"
427,21509,40,0.0,"tensor(0.7564, grad_fn=<SmoothL1LossBackward0>)"
428,21543,33,0.0,"tensor(0.3019, grad_fn=<SmoothL1LossBackward0>)"
429,21560,16,0.0,"tensor(0.0598, grad_fn=<SmoothL1LossBackward0>)"
430,21567,6,0.0,"tensor(0.2790, grad_fn=<SmoothL1LossBackward0>)"
431,21573,5,0.0,"tensor(0.7336, grad_fn=<SmoothL1LossBackward0>)"
432,21629,55,30.0,"tensor(0.3018, grad_fn=<SmoothL1LossBackward0>)"
433,21736,106,60.0,"tensor(0.3025, grad_fn=<SmoothL1LossBackward0>)"
434,21743,6,0.0,"tensor(0.4724, grad_fn=<SmoothL1LossBackward0>)"
435,21807,63,20.0,"tensor(0.0645, grad_fn=<SmoothL1LossBackward0>)"
436,21837,29,10.0,"tensor(0.3369, grad_fn=<SmoothL1LossBackward0>)"
437,21878,40,10.0,"tensor(0.4347, grad_fn=<SmoothL1LossBackward0>)"
438,21933,54,10.0,"tensor(0.1720, grad_fn=<SmoothL1LossBackward0>)"
439,21959,25,20.0,"tensor(0.7313, grad_fn=<SmoothL1LossBackward0>)"
440,22016,56,10.0,"tensor(0.5960, grad_fn=<SmoothL1LossBackward0>)"
441,22049,32,20.0,"tensor(0.1749, grad_fn=<SmoothL1LossBackward0>)"
442,22054,4,0.0,"tensor(0.1587, grad_fn=<SmoothL1LossBackward0>)"
443,22083,28,10.0,"tensor(0.2395, grad_fn=<SmoothL1LossBackward0>)"
444,22184,100,40.0,"tensor(0.6084, grad_fn=<SmoothL1LossBackward0>)"
445,22195,10,20.0,"tensor(0.3070, grad_fn=<SmoothL1LossBackward0>)"
446,22274,78,20.0,"tensor(0.5552, grad_fn=<SmoothL1LossBackward0>)"
447,22281,6,0.0,"tensor(0.1739, grad_fn=<SmoothL1LossBackward0>)"
448,22312,30,10.0,"tensor(0.1757, grad_fn=<SmoothL1LossBackward0>)"
449,22315,2,0.0,"tensor(0.0073, grad_fn=<SmoothL1LossBackward0>)"
450,22324,8,0.0,"tensor(0.0226, grad_fn=<SmoothL1LossBackward0>)"
451,22330,5,0.0,"tensor(0.5953, grad_fn=<SmoothL1LossBackward0>)"
452,22357,26,10.0,"tensor(0.0203, grad_fn=<SmoothL1LossBackward0>)"
453,22408,50,50.0,"tensor(0.5992, grad_fn=<SmoothL1LossBackward0>)"
454,22546,137,80.0,"tensor(0.3311, grad_fn=<SmoothL1LossBackward0>)"
455,22632,85,40.0,"tensor(0.7463, grad_fn=<SmoothL1LossBackward0>)"
456,22668,35,20.0,"tensor(0.2940, grad_fn=<SmoothL1LossBackward0>)"
457,22783,114,70.0,"tensor(0.3028, grad_fn=<SmoothL1LossBackward0>)"
458,22924,140,85.0,"tensor(0.4823, grad_fn=<SmoothL1LossBackward0>)"
459,22947,22,45.0,"tensor(0.3042, grad_fn=<SmoothL1LossBackward0>)"
460,22990,42,10.0,"tensor(0.1795, grad_fn=<SmoothL1LossBackward0>)"
461,23029,38,10.0,"tensor(0.2131, grad_fn=<SmoothL1LossBackward0>)"
462,23034,4,0.0,"tensor(0.2764, grad_fn=<SmoothL1LossBackward0>)"
463,23082,47,20.0,"tensor(0.5494, grad_fn=<SmoothL1LossBackward0>)"
464,23194,111,40.0,"tensor(0.3110, grad_fn=<SmoothL1LossBackward0>)"
465,23241,46,10.0,"tensor(0.3026, grad_fn=<SmoothL1LossBackward0>)"
466,23369,127,20.0,"tensor(0.5459, grad_fn=<SmoothL1LossBackward0>)"
467,23459,89,70.0,"tensor(0.0189, grad_fn=<SmoothL1LossBackward0>)"
468,23504,44,20.0,"tensor(0.0027, grad_fn=<SmoothL1LossBackward0>)"
469,23522,17,0.0,"tensor(0.9001, grad_fn=<SmoothL1LossBackward0>)"
470,23573,50,20.0,"tensor(0.3034, grad_fn=<SmoothL1LossBackward0>)"
471,23578,4,0.0,"tensor(0.0047, grad_fn=<SmoothL1LossBackward0>)"
472,23607,28,20.0,"tensor(0.9748, grad_fn=<SmoothL1LossBackward0>)"
473,23653,45,40.0,"tensor(0.0104, grad_fn=<SmoothL1LossBackward0>)"
474,23822,168,80.0,"tensor(0.3825, grad_fn=<SmoothL1LossBackward0>)"
475,23871,48,10.0,"tensor(0.7932, grad_fn=<SmoothL1LossBackward0>)"
476,23906,34,20.0,"tensor(0.2418, grad_fn=<SmoothL1LossBackward0>)"
477,23952,45,20.0,"tensor(0.0365, grad_fn=<SmoothL1LossBackward0>)"
478,24077,124,50.0,"tensor(0.2653, grad_fn=<SmoothL1LossBackward0>)"
479,24136,58,30.0,"tensor(0.1334, grad_fn=<SmoothL1LossBackward0>)"
480,24167,30,20.0,"tensor(0.7834, grad_fn=<SmoothL1LossBackward0>)"
481,24403,235,60.0,"tensor(0.5474, grad_fn=<SmoothL1LossBackward0>)"
482,24454,50,20.0,"tensor(0.1558, grad_fn=<SmoothL1LossBackward0>)"
483,24491,36,20.0,"tensor(0.7476, grad_fn=<SmoothL1LossBackward0>)"
484,24630,138,40.0,"tensor(0.1982, grad_fn=<SmoothL1LossBackward0>)"
485,24669,38,20.0,"tensor(0.2977, grad_fn=<SmoothL1LossBackward0>)"
486,24846,176,50.0,"tensor(0.0187, grad_fn=<SmoothL1LossBackward0>)"
487,24851,4,0.0,"tensor(0.0237, grad_fn=<SmoothL1LossBackward0>)"
488,24911,59,20.0,"tensor(0.3051, grad_fn=<SmoothL1LossBackward0>)"
489,24967,55,40.0,"tensor(0.5332, grad_fn=<SmoothL1LossBackward0>)"
490,24971,3,0.0,"tensor(0.0254, grad_fn=<SmoothL1LossBackward0>)"
491,25047,75,10.0,"tensor(0.3034, grad_fn=<SmoothL1LossBackward0>)"
492,25083,35,0.0,"tensor(0.1222, grad_fn=<SmoothL1LossBackward0>)"
493,25090,6,10.0,"tensor(0.2402, grad_fn=<SmoothL1LossBackward0>)"
494,25109,18,10.0,"tensor(0.3830, grad_fn=<SmoothL1LossBackward0>)"
495,25115,5,0.0,"tensor(0.0307, grad_fn=<SmoothL1LossBackward0>)"
496,25154,38,0.0,"tensor(0.0059, grad_fn=<SmoothL1LossBackward0>)"
497,25239,84,50.0,"tensor(0.8153, grad_fn=<SmoothL1LossBackward0>)"
498,25357,117,50.0,"tensor(0.1410, grad_fn=<SmoothL1LossBackward0>)"
499,25376,18,10.0,"tensor(0.0099, grad_fn=<SmoothL1LossBackward0>)"
500,25463,86,30.0,"tensor(0.0074, grad_fn=<SmoothL1LossBackward0>)"
501,25479,15,10.0,"tensor(0.5262, grad_fn=<SmoothL1LossBackward0>)"
502,25487,7,0.0,"tensor(1.3120, grad_fn=<SmoothL1LossBackward0>)"
503,25586,98,60.0,"tensor(0.0280, grad_fn=<SmoothL1LossBackward0>)"
504,25606,19,0.0,"tensor(0.3187, grad_fn=<SmoothL1LossBackward0>)"
505,25639,32,20.0,"tensor(0.0190, grad_fn=<SmoothL1LossBackward0>)"
506,25876,236,70.0,"tensor(0.7775, grad_fn=<SmoothL1LossBackward0>)"
507,25899,22,0.0,"tensor(0.0099, grad_fn=<SmoothL1LossBackward0>)"
508,25929,29,0.0,"tensor(0.3892, grad_fn=<SmoothL1LossBackward0>)"
509,25939,9,0.0,"tensor(0.1719, grad_fn=<SmoothL1LossBackward0>)"
510,25945,5,0.0,"tensor(0.7214, grad_fn=<SmoothL1LossBackward0>)"
511,26034,88,60.0,"tensor(0.3016, grad_fn=<SmoothL1LossBackward0>)"
512,26113,78,40.0,"tensor(0.3093, grad_fn=<SmoothL1LossBackward0>)"
513,26126,12,20.0,"tensor(0.0212, grad_fn=<SmoothL1LossBackward0>)"
514,26418,291,40.0,"tensor(0.6241, grad_fn=<SmoothL1LossBackward0>)"
515,26438,19,10.0,"tensor(0.0499, grad_fn=<SmoothL1LossBackward0>)"
516,26477,38,30.0,"tensor(0.4179, grad_fn=<SmoothL1LossBackward0>)"
517,26516,38,20.0,"tensor(0.8762, grad_fn=<SmoothL1LossBackward0>)"
518,26522,5,0.0,"tensor(0.0083, grad_fn=<SmoothL1LossBackward0>)"
519,26527,4,0.0,"tensor(0.3058, grad_fn=<SmoothL1LossBackward0>)"
520,26588,60,30.0,"tensor(0.2404, grad_fn=<SmoothL1LossBackward0>)"
521,26597,8,10.0,"tensor(0.0324, grad_fn=<SmoothL1LossBackward0>)"
522,26696,98,50.0,"tensor(0.2986, grad_fn=<SmoothL1LossBackward0>)"
523,26767,70,60.0,"tensor(0.6748, grad_fn=<SmoothL1LossBackward0>)"
524,27362,594,90.0,"tensor(0.2293, grad_fn=<SmoothL1LossBackward0>)"
525,27367,4,0.0,"tensor(0.6268, grad_fn=<SmoothL1LossBackward0>)"
526,27376,8,0.0,"tensor(0.4755, grad_fn=<SmoothL1LossBackward0>)"
527,27401,24,0.0,"tensor(0.6620, grad_fn=<SmoothL1LossBackward0>)"
528,27440,38,10.0,"tensor(0.2675, grad_fn=<SmoothL1LossBackward0>)"
529,27512,71,50.0,"tensor(0.3094, grad_fn=<SmoothL1LossBackward0>)"
530,27517,4,0.0,"tensor(0.0250, grad_fn=<SmoothL1LossBackward0>)"
531,27751,233,40.0,"tensor(0.6106, grad_fn=<SmoothL1LossBackward0>)"
532,27865,113,50.0,"tensor(0.5900, grad_fn=<SmoothL1LossBackward0>)"
533,27946,80,40.0,"tensor(0.3827, grad_fn=<SmoothL1LossBackward0>)"
534,28014,67,40.0,"tensor(0.0094, grad_fn=<SmoothL1LossBackward0>)"
535,28032,17,0.0,"tensor(0.3062, grad_fn=<SmoothL1LossBackward0>)"
536,28072,39,30.0,"tensor(0.5760, grad_fn=<SmoothL1LossBackward0>)"
537,28123,50,30.0,"tensor(0.7530, grad_fn=<SmoothL1LossBackward0>)"
538,28251,127,50.0,"tensor(0.3394, grad_fn=<SmoothL1LossBackward0>)"
539,28266,14,0.0,"tensor(0.0171, grad_fn=<SmoothL1LossBackward0>)"
540,28272,5,10.0,"tensor(0.5920, grad_fn=<SmoothL1LossBackward0>)"
541,28360,87,50.0,"tensor(0.0139, grad_fn=<SmoothL1LossBackward0>)"
542,28469,108,20.0,"tensor(0.4508, grad_fn=<SmoothL1LossBackward0>)"
543,28528,58,10.0,"tensor(0.2105, grad_fn=<SmoothL1LossBackward0>)"
544,28558,29,20.0,"tensor(0.1558, grad_fn=<SmoothL1LossBackward0>)"
545,28612,53,10.0,"tensor(0.0120, grad_fn=<SmoothL1LossBackward0>)"
546,28634,21,30.0,"tensor(0.0087, grad_fn=<SmoothL1LossBackward0>)"
547,28666,31,0.0,"tensor(0.0262, grad_fn=<SmoothL1LossBackward0>)"
548,28842,175,70.0,"tensor(0.0222, grad_fn=<SmoothL1LossBackward0>)"
549,28920,77,50.0,"tensor(0.9643, grad_fn=<SmoothL1LossBackward0>)"
550,28929,8,0.0,"tensor(0.0075, grad_fn=<SmoothL1LossBackward0>)"
551,29238,308,50.0,"tensor(0.3210, grad_fn=<SmoothL1LossBackward0>)"
552,29252,13,0.0,"tensor(0.3014, grad_fn=<SmoothL1LossBackward0>)"
553,29463,210,100.0,"tensor(0.6069, grad_fn=<SmoothL1LossBackward0>)"
554,29471,7,0.0,"tensor(0.3815, grad_fn=<SmoothL1LossBackward0>)"
555,29492,20,20.0,"tensor(1.2691, grad_fn=<SmoothL1LossBackward0>)"
556,29518,25,10.0,"tensor(0.4031, grad_fn=<SmoothL1LossBackward0>)"
557,29544,25,0.0,"tensor(0.0081, grad_fn=<SmoothL1LossBackward0>)"
558,29569,24,0.0,"tensor(0.5387, grad_fn=<SmoothL1LossBackward0>)"
559,29593,23,10.0,"tensor(0.0252, grad_fn=<SmoothL1LossBackward0>)"
560,29599,5,0.0,"tensor(0.2991, grad_fn=<SmoothL1LossBackward0>)"
561,29604,4,0.0,"tensor(0.0114, grad_fn=<SmoothL1LossBackward0>)"
562,29711,106,50.0,"tensor(0.8749, grad_fn=<SmoothL1LossBackward0>)"
563,29729,17,10.0,"tensor(0.0068, grad_fn=<SmoothL1LossBackward0>)"
564,29744,14,10.0,"tensor(0.0893, grad_fn=<SmoothL1LossBackward0>)"
565,29791,46,20.0,"tensor(0.0083, grad_fn=<SmoothL1LossBackward0>)"
566,29823,31,0.0,"tensor(0.0127, grad_fn=<SmoothL1LossBackward0>)"
567,29858,34,10.0,"tensor(0.0209, grad_fn=<SmoothL1LossBackward0>)"
568,29860,1,0.0,"tensor(0.6322, grad_fn=<SmoothL1LossBackward0>)"
569,29914,53,30.0,"tensor(0.4388, grad_fn=<SmoothL1LossBackward0>)"
570,29955,40,10.0,"tensor(0.3103, grad_fn=<SmoothL1LossBackward0>)"
571,29984,28,0.0,"tensor(0.3067, grad_fn=<SmoothL1LossBackward0>)"
572,30015,30,10.0,"tensor(0.0176, grad_fn=<SmoothL1LossBackward0>)"
573,30028,12,0.0,"tensor(0.3420, grad_fn=<SmoothL1LossBackward0>)"
574,30104,75,10.0,"tensor(0.3023, grad_fn=<SmoothL1LossBackward0>)"
575,30145,40,30.0,"tensor(0.7155, grad_fn=<SmoothL1LossBackward0>)"
576,30159,13,10.0,"tensor(0.6280, grad_fn=<SmoothL1LossBackward0>)"
577,30248,88,40.0,"tensor(0.2609, grad_fn=<SmoothL1LossBackward0>)"
578,30273,24,20.0,"tensor(0.3265, grad_fn=<SmoothL1LossBackward0>)"
579,30325,51,50.0,"tensor(0.5681, grad_fn=<SmoothL1LossBackward0>)"
580,30460,134,20.0,"tensor(0.9028, grad_fn=<SmoothL1LossBackward0>)"
581,30479,18,10.0,"tensor(0.3504, grad_fn=<SmoothL1LossBackward0>)"
582,30513,33,10.0,"tensor(0.0101, grad_fn=<SmoothL1LossBackward0>)"
583,30769,255,90.0,"tensor(0.5209, grad_fn=<SmoothL1LossBackward0>)"
584,30998,228,65.0,"tensor(0.2977, grad_fn=<SmoothL1LossBackward0>)"
585,31015,16,0.0,"tensor(0.0290, grad_fn=<SmoothL1LossBackward0>)"
586,31041,25,0.0,"tensor(0.0068, grad_fn=<SmoothL1LossBackward0>)"
587,31104,62,10.0,"tensor(0.7420, grad_fn=<SmoothL1LossBackward0>)"
588,31169,64,40.0,"tensor(0.3047, grad_fn=<SmoothL1LossBackward0>)"
589,31178,8,0.0,"tensor(0.0099, grad_fn=<SmoothL1LossBackward0>)"
590,31221,42,30.0,"tensor(0.0725, grad_fn=<SmoothL1LossBackward0>)"
591,31226,4,0.0,"tensor(0.0083, grad_fn=<SmoothL1LossBackward0>)"
592,31234,7,0.0,"tensor(0.2984, grad_fn=<SmoothL1LossBackward0>)"
593,31244,9,0.0,"tensor(0.0051, grad_fn=<SmoothL1LossBackward0>)"
594,31315,70,50.0,"tensor(0.0072, grad_fn=<SmoothL1LossBackward0>)"
595,31338,22,10.0,"tensor(0.0112, grad_fn=<SmoothL1LossBackward0>)"
596,31455,116,40.0,"tensor(0.2141, grad_fn=<SmoothL1LossBackward0>)"
597,31517,61,30.0,"tensor(0.0407, grad_fn=<SmoothL1LossBackward0>)"
598,31533,15,10.0,"tensor(0.5784, grad_fn=<SmoothL1LossBackward0>)"
599,31639,105,50.0,"tensor(0.2227, grad_fn=<SmoothL1LossBackward0>)"
600,31764,124,50.0,"tensor(0.3147, grad_fn=<SmoothL1LossBackward0>)"
601,31769,4,10.0,"tensor(0.3608, grad_fn=<SmoothL1LossBackward0>)"
602,31935,165,100.0,"tensor(0.2856, grad_fn=<SmoothL1LossBackward0>)"
603,32024,88,40.0,"tensor(0.9465, grad_fn=<SmoothL1LossBackward0>)"
604,32088,63,40.0,"tensor(0.0043, grad_fn=<SmoothL1LossBackward0>)"
605,32125,36,30.0,"tensor(0.3352, grad_fn=<SmoothL1LossBackward0>)"
606,32131,5,0.0,"tensor(0.8289, grad_fn=<SmoothL1LossBackward0>)"
607,32179,47,30.0,"tensor(0.0100, grad_fn=<SmoothL1LossBackward0>)"
608,32200,20,0.0,"tensor(0.5540, grad_fn=<SmoothL1LossBackward0>)"
609,32277,76,30.0,"tensor(0.5460, grad_fn=<SmoothL1LossBackward0>)"
610,32721,443,40.0,"tensor(0.3098, grad_fn=<SmoothL1LossBackward0>)"
611,32740,18,10.0,"tensor(0.2153, grad_fn=<SmoothL1LossBackward0>)"
612,32776,35,10.0,"tensor(0.0122, grad_fn=<SmoothL1LossBackward0>)"
613,32914,137,80.0,"tensor(0.0335, grad_fn=<SmoothL1LossBackward0>)"
614,33020,105,40.0,"tensor(0.0353, grad_fn=<SmoothL1LossBackward0>)"
615,33043,22,10.0,"tensor(0.3117, grad_fn=<SmoothL1LossBackward0>)"
616,33065,21,20.0,"tensor(0.6024, grad_fn=<SmoothL1LossBackward0>)"
617,33071,5,0.0,"tensor(0.3036, grad_fn=<SmoothL1LossBackward0>)"
618,33135,63,40.0,"tensor(0.2793, grad_fn=<SmoothL1LossBackward0>)"
619,33163,27,20.0,"tensor(0.7832, grad_fn=<SmoothL1LossBackward0>)"
620,33260,96,60.0,"tensor(0.3016, grad_fn=<SmoothL1LossBackward0>)"
621,33266,5,0.0,"tensor(0.8413, grad_fn=<SmoothL1LossBackward0>)"
622,33273,6,10.0,"tensor(0.4867, grad_fn=<SmoothL1LossBackward0>)"
623,33301,27,20.0,"tensor(0.0105, grad_fn=<SmoothL1LossBackward0>)"
624,33340,38,0.0,"tensor(0.7653, grad_fn=<SmoothL1LossBackward0>)"
625,33368,27,20.0,"tensor(0.2741, grad_fn=<SmoothL1LossBackward0>)"
626,33463,94,50.0,"tensor(1.0270, grad_fn=<SmoothL1LossBackward0>)"
627,33480,16,0.0,"tensor(0.0088, grad_fn=<SmoothL1LossBackward0>)"
628,33544,63,40.0,"tensor(0.0233, grad_fn=<SmoothL1LossBackward0>)"
629,33550,5,0.0,"tensor(0.0148, grad_fn=<SmoothL1LossBackward0>)"
630,33672,121,40.0,"tensor(0.0515, grad_fn=<SmoothL1LossBackward0>)"
631,33736,63,40.0,"tensor(0.0764, grad_fn=<SmoothL1LossBackward0>)"
632,33901,164,90.0,"tensor(0.2976, grad_fn=<SmoothL1LossBackward0>)"
633,33936,34,20.0,"tensor(0.0093, grad_fn=<SmoothL1LossBackward0>)"
634,33976,39,55.0,"tensor(0.5830, grad_fn=<SmoothL1LossBackward0>)"
635,34009,32,10.0,"tensor(0.3015, grad_fn=<SmoothL1LossBackward0>)"
636,34037,27,20.0,"tensor(0.5493, grad_fn=<SmoothL1LossBackward0>)"
637,34150,112,70.0,"tensor(0.0171, grad_fn=<SmoothL1LossBackward0>)"
638,34168,17,10.0,"tensor(0.5977, grad_fn=<SmoothL1LossBackward0>)"
639,34200,31,10.0,"tensor(1.2846, grad_fn=<SmoothL1LossBackward0>)"
640,34216,15,0.0,"tensor(0.2194, grad_fn=<SmoothL1LossBackward0>)"
641,34223,6,10.0,"tensor(0.0521, grad_fn=<SmoothL1LossBackward0>)"
642,34250,26,10.0,"tensor(0.0110, grad_fn=<SmoothL1LossBackward0>)"
643,34273,22,20.0,"tensor(0.6131, grad_fn=<SmoothL1LossBackward0>)"
644,34386,112,80.0,"tensor(0.2987, grad_fn=<SmoothL1LossBackward0>)"
645,34433,46,0.0,"tensor(0.3071, grad_fn=<SmoothL1LossBackward0>)"
646,34463,29,10.0,"tensor(0.5080, grad_fn=<SmoothL1LossBackward0>)"
647,34561,97,40.0,"tensor(0.3055, grad_fn=<SmoothL1LossBackward0>)"
648,34860,298,50.0,"tensor(0.0382, grad_fn=<SmoothL1LossBackward0>)"
649,34885,24,10.0,"tensor(0.6075, grad_fn=<SmoothL1LossBackward0>)"
650,34926,40,10.0,"tensor(0.5861, grad_fn=<SmoothL1LossBackward0>)"
651,34941,14,10.0,"tensor(0.8968, grad_fn=<SmoothL1LossBackward0>)"
652,35058,116,50.0,"tensor(0.1929, grad_fn=<SmoothL1LossBackward0>)"
653,35154,95,30.0,"tensor(1.1274, grad_fn=<SmoothL1LossBackward0>)"
654,35163,8,0.0,"tensor(0.3085, grad_fn=<SmoothL1LossBackward0>)"
655,35226,62,30.0,"tensor(0.0114, grad_fn=<SmoothL1LossBackward0>)"
656,35242,15,0.0,"tensor(0.3086, grad_fn=<SmoothL1LossBackward0>)"
657,35258,15,20.0,"tensor(0.0169, grad_fn=<SmoothL1LossBackward0>)"
658,35350,91,50.0,"tensor(0.0182, grad_fn=<SmoothL1LossBackward0>)"
659,35403,52,40.0,"tensor(0.3577, grad_fn=<SmoothL1LossBackward0>)"
660,35410,6,10.0,"tensor(0.9490, grad_fn=<SmoothL1LossBackward0>)"
661,35417,6,0.0,"tensor(0.0534, grad_fn=<SmoothL1LossBackward0>)"
662,35809,391,40.0,"tensor(0.2413, grad_fn=<SmoothL1LossBackward0>)"
663,35894,84,30.0,"tensor(0.5835, grad_fn=<SmoothL1LossBackward0>)"
664,35913,18,0.0,"tensor(0.6386, grad_fn=<SmoothL1LossBackward0>)"
665,35990,76,20.0,"tensor(0.4234, grad_fn=<SmoothL1LossBackward0>)"
666,36181,190,20.0,"tensor(0.2461, grad_fn=<SmoothL1LossBackward0>)"
667,36204,22,0.0,"tensor(0.6002, grad_fn=<SmoothL1LossBackward0>)"
668,36210,5,0.0,"tensor(0.3001, grad_fn=<SmoothL1LossBackward0>)"
669,36446,235,80.0,"tensor(0.2988, grad_fn=<SmoothL1LossBackward0>)"
670,36507,60,40.0,"tensor(0.8308, grad_fn=<SmoothL1LossBackward0>)"
671,36603,95,20.0,"tensor(0.3028, grad_fn=<SmoothL1LossBackward0>)"
672,36661,57,10.0,"tensor(0.0082, grad_fn=<SmoothL1LossBackward0>)"
673,36712,50,10.0,"tensor(0.3231, grad_fn=<SmoothL1LossBackward0>)"
674,36987,274,40.0,"tensor(0.5782, grad_fn=<SmoothL1LossBackward0>)"
675,37019,31,0.0,"tensor(0.5832, grad_fn=<SmoothL1LossBackward0>)"
676,37042,22,10.0,"tensor(0.5919, grad_fn=<SmoothL1LossBackward0>)"
677,37047,4,0.0,"tensor(0.5928, grad_fn=<SmoothL1LossBackward0>)"
678,37056,8,10.0,"tensor(0.6196, grad_fn=<SmoothL1LossBackward0>)"
679,37076,19,10.0,"tensor(0.3009, grad_fn=<SmoothL1LossBackward0>)"
680,37119,42,20.0,"tensor(0.0184, grad_fn=<SmoothL1LossBackward0>)"
681,37163,43,10.0,"tensor(0.0537, grad_fn=<SmoothL1LossBackward0>)"
682,37175,11,10.0,"tensor(0.8973, grad_fn=<SmoothL1LossBackward0>)"
683,37188,12,10.0,"tensor(0.3076, grad_fn=<SmoothL1LossBackward0>)"
684,37232,43,10.0,"tensor(0.0217, grad_fn=<SmoothL1LossBackward0>)"
685,37237,4,10.0,"tensor(0.2387, grad_fn=<SmoothL1LossBackward0>)"
686,37262,24,0.0,"tensor(0.3022, grad_fn=<SmoothL1LossBackward0>)"
687,37319,56,10.0,"tensor(0.2536, grad_fn=<SmoothL1LossBackward0>)"
688,37335,15,30.0,"tensor(0.0247, grad_fn=<SmoothL1LossBackward0>)"
689,37343,7,0.0,"tensor(0.2989, grad_fn=<SmoothL1LossBackward0>)"
690,37370,26,10.0,"tensor(0.0072, grad_fn=<SmoothL1LossBackward0>)"
691,37394,23,0.0,"tensor(0.2426, grad_fn=<SmoothL1LossBackward0>)"
692,37451,56,40.0,"tensor(0.3040, grad_fn=<SmoothL1LossBackward0>)"
693,37471,19,10.0,"tensor(0.5926, grad_fn=<SmoothL1LossBackward0>)"
694,37577,105,40.0,"tensor(0.0299, grad_fn=<SmoothL1LossBackward0>)"
695,37614,36,0.0,"tensor(0.0198, grad_fn=<SmoothL1LossBackward0>)"
696,37692,77,60.0,"tensor(0.2392, grad_fn=<SmoothL1LossBackward0>)"
697,37831,138,40.0,"tensor(0.3102, grad_fn=<SmoothL1LossBackward0>)"
698,37839,7,0.0,"tensor(0.2919, grad_fn=<SmoothL1LossBackward0>)"
699,37854,14,0.0,"tensor(0.3615, grad_fn=<SmoothL1LossBackward0>)"
700,37873,18,10.0,"tensor(0.0213, grad_fn=<SmoothL1LossBackward0>)"
701,37921,47,40.0,"tensor(0.3177, grad_fn=<SmoothL1LossBackward0>)"
702,37926,4,0.0,"tensor(0.6037, grad_fn=<SmoothL1LossBackward0>)"
703,37946,19,0.0,"tensor(0.5823, grad_fn=<SmoothL1LossBackward0>)"
704,37951,4,10.0,"tensor(0.0168, grad_fn=<SmoothL1LossBackward0>)"
705,38028,76,40.0,"tensor(1.0896, grad_fn=<SmoothL1LossBackward0>)"
706,38036,7,0.0,"tensor(0.2107, grad_fn=<SmoothL1LossBackward0>)"
707,38056,19,20.0,"tensor(0.2200, grad_fn=<SmoothL1LossBackward0>)"
708,38346,289,140.0,"tensor(0.2432, grad_fn=<SmoothL1LossBackward0>)"
709,38364,17,0.0,"tensor(0.5919, grad_fn=<SmoothL1LossBackward0>)"
710,38374,9,0.0,"tensor(0.3031, grad_fn=<SmoothL1LossBackward0>)"
711,38379,4,0.0,"tensor(0.3061, grad_fn=<SmoothL1LossBackward0>)"
712,38401,21,0.0,"tensor(0.3030, grad_fn=<SmoothL1LossBackward0>)"
713,38692,290,110.0,"tensor(0.3072, grad_fn=<SmoothL1LossBackward0>)"
714,38721,28,20.0,"tensor(0.0169, grad_fn=<SmoothL1LossBackward0>)"
715,38728,6,10.0,"tensor(0.3030, grad_fn=<SmoothL1LossBackward0>)"
716,38780,51,20.0,"tensor(0.0080, grad_fn=<SmoothL1LossBackward0>)"
717,38795,14,0.0,"tensor(0.0102, grad_fn=<SmoothL1LossBackward0>)"
718,38816,20,0.0,"tensor(0.5191, grad_fn=<SmoothL1LossBackward0>)"
719,38914,97,30.0,"tensor(0.4632, grad_fn=<SmoothL1LossBackward0>)"
720,38951,36,0.0,"tensor(0.0082, grad_fn=<SmoothL1LossBackward0>)"
721,39030,78,30.0,"tensor(0.5015, grad_fn=<SmoothL1LossBackward0>)"
722,39038,7,10.0,"tensor(0.1761, grad_fn=<SmoothL1LossBackward0>)"
723,39343,304,120.0,"tensor(0.2917, grad_fn=<SmoothL1LossBackward0>)"
724,39382,38,15.0,"tensor(0.5915, grad_fn=<SmoothL1LossBackward0>)"
725,39411,28,20.0,"tensor(0.4591, grad_fn=<SmoothL1LossBackward0>)"
726,39542,130,30.0,"tensor(0.2853, grad_fn=<SmoothL1LossBackward0>)"
727,39673,130,60.0,"tensor(0.5981, grad_fn=<SmoothL1LossBackward0>)"
728,39739,65,60.0,"tensor(0.5970, grad_fn=<SmoothL1LossBackward0>)"
729,39752,12,10.0,"tensor(0.8819, grad_fn=<SmoothL1LossBackward0>)"
730,39770,17,0.0,"tensor(0.0150, grad_fn=<SmoothL1LossBackward0>)"
731,39815,44,20.0,"tensor(0.3020, grad_fn=<SmoothL1LossBackward0>)"
732,39820,4,0.0,"tensor(0.0189, grad_fn=<SmoothL1LossBackward0>)"
733,39835,14,0.0,"tensor(0.3189, grad_fn=<SmoothL1LossBackward0>)"
734,39863,27,10.0,"tensor(0.2965, grad_fn=<SmoothL1LossBackward0>)"
735,39891,27,30.0,"tensor(0.0065, grad_fn=<SmoothL1LossBackward0>)"
736,39922,30,10.0,"tensor(0.2970, grad_fn=<SmoothL1LossBackward0>)"
737,39971,48,30.0,"tensor(0.7470, grad_fn=<SmoothL1LossBackward0>)"
738,39986,14,0.0,"tensor(0.0059, grad_fn=<SmoothL1LossBackward0>)"
739,39993,6,0.0,"tensor(0.2968, grad_fn=<SmoothL1LossBackward0>)"
740,40010,16,10.0,"tensor(0.2981, grad_fn=<SmoothL1LossBackward0>)"
741,40063,52,10.0,"tensor(0.2978, grad_fn=<SmoothL1LossBackward0>)"
742,40075,11,0.0,"tensor(0.0148, grad_fn=<SmoothL1LossBackward0>)"
743,40109,33,10.0,"tensor(0.0095, grad_fn=<SmoothL1LossBackward0>)"
744,40121,11,10.0,"tensor(0.1915, grad_fn=<SmoothL1LossBackward0>)"
745,40134,12,0.0,"tensor(0.2957, grad_fn=<SmoothL1LossBackward0>)"
746,40184,49,30.0,"tensor(0.0114, grad_fn=<SmoothL1LossBackward0>)"
747,40196,11,0.0,"tensor(0.0080, grad_fn=<SmoothL1LossBackward0>)"
748,40201,4,0.0,"tensor(0.0052, grad_fn=<SmoothL1LossBackward0>)"
749,40235,33,10.0,"tensor(0.2954, grad_fn=<SmoothL1LossBackward0>)"
750,40243,7,20.0,"tensor(0.0045, grad_fn=<SmoothL1LossBackward0>)"
751,40251,7,0.0,"tensor(0.2956, grad_fn=<SmoothL1LossBackward0>)"
752,40278,26,20.0,"tensor(0.5637, grad_fn=<SmoothL1LossBackward0>)"
753,40291,12,0.0,"tensor(0.4439, grad_fn=<SmoothL1LossBackward0>)"
754,40494,202,90.0,"tensor(0.0087, grad_fn=<SmoothL1LossBackward0>)"
755,40502,7,10.0,"tensor(0.5369, grad_fn=<SmoothL1LossBackward0>)"
756,40569,66,40.0,"tensor(0.5681, grad_fn=<SmoothL1LossBackward0>)"
757,40613,43,20.0,"tensor(0.0098, grad_fn=<SmoothL1LossBackward0>)"
758,40631,17,0.0,"tensor(0.2409, grad_fn=<SmoothL1LossBackward0>)"
759,40636,4,10.0,"tensor(0.3167, grad_fn=<SmoothL1LossBackward0>)"
760,40708,71,30.0,"tensor(0.8126, grad_fn=<SmoothL1LossBackward0>)"
761,40729,20,20.0,"tensor(0.1484, grad_fn=<SmoothL1LossBackward0>)"
762,40753,23,20.0,"tensor(0.0079, grad_fn=<SmoothL1LossBackward0>)"
763,40790,36,0.0,"tensor(0.3009, grad_fn=<SmoothL1LossBackward0>)"
764,40820,29,0.0,"tensor(0.2981, grad_fn=<SmoothL1LossBackward0>)"
765,40838,17,0.0,"tensor(0.2905, grad_fn=<SmoothL1LossBackward0>)"
766,40877,38,10.0,"tensor(0.8217, grad_fn=<SmoothL1LossBackward0>)"
767,40885,7,0.0,"tensor(0.5317, grad_fn=<SmoothL1LossBackward0>)"
768,40891,5,10.0,"tensor(0.3006, grad_fn=<SmoothL1LossBackward0>)"
769,40993,101,50.0,"tensor(0.7176, grad_fn=<SmoothL1LossBackward0>)"
770,41020,26,30.0,"tensor(0.3061, grad_fn=<SmoothL1LossBackward0>)"
771,41049,28,10.0,"tensor(0.0067, grad_fn=<SmoothL1LossBackward0>)"
772,41065,15,10.0,"tensor(0.2999, grad_fn=<SmoothL1LossBackward0>)"
773,41087,21,10.0,"tensor(0.3060, grad_fn=<SmoothL1LossBackward0>)"
774,41202,114,40.0,"tensor(0.2998, grad_fn=<SmoothL1LossBackward0>)"
775,41240,37,10.0,"tensor(1.5594, grad_fn=<SmoothL1LossBackward0>)"
776,41270,29,0.0,"tensor(0.5778, grad_fn=<SmoothL1LossBackward0>)"
777,41504,233,140.0,"tensor(0.5266, grad_fn=<SmoothL1LossBackward0>)"
778,41607,102,50.0,"tensor(0.2681, grad_fn=<SmoothL1LossBackward0>)"
779,41617,9,0.0,"tensor(0.0216, grad_fn=<SmoothL1LossBackward0>)"
780,41621,3,15.0,"tensor(0.0280, grad_fn=<SmoothL1LossBackward0>)"
781,41623,1,0.0,"tensor(0.0131, grad_fn=<SmoothL1LossBackward0>)"
782,41760,136,80.0,"tensor(0.5949, grad_fn=<SmoothL1LossBackward0>)"
783,41766,5,0.0,"tensor(0.0137, grad_fn=<SmoothL1LossBackward0>)"
784,41771,4,0.0,"tensor(0.9932, grad_fn=<SmoothL1LossBackward0>)"
785,41801,29,20.0,"tensor(0.1444, grad_fn=<SmoothL1LossBackward0>)"
786,41832,30,0.0,"tensor(0.5869, grad_fn=<SmoothL1LossBackward0>)"
787,41850,17,0.0,"tensor(0.3049, grad_fn=<SmoothL1LossBackward0>)"
788,41905,54,10.0,"tensor(0.2974, grad_fn=<SmoothL1LossBackward0>)"
789,42070,164,90.0,"tensor(0.7324, grad_fn=<SmoothL1LossBackward0>)"
790,42085,14,20.0,"tensor(0.0133, grad_fn=<SmoothL1LossBackward0>)"
791,42095,9,0.0,"tensor(0.0147, grad_fn=<SmoothL1LossBackward0>)"
792,42165,69,50.0,"tensor(0.2060, grad_fn=<SmoothL1LossBackward0>)"
793,42191,25,10.0,"tensor(0.0108, grad_fn=<SmoothL1LossBackward0>)"
794,42276,84,40.0,"tensor(0.0055, grad_fn=<SmoothL1LossBackward0>)"
795,42369,92,50.0,"tensor(0.0096, grad_fn=<SmoothL1LossBackward0>)"
796,42380,10,0.0,"tensor(0.3017, grad_fn=<SmoothL1LossBackward0>)"
797,42387,6,10.0,"tensor(0.3272, grad_fn=<SmoothL1LossBackward0>)"
798,42488,100,10.0,"tensor(0.5598, grad_fn=<SmoothL1LossBackward0>)"
799,42528,39,20.0,"tensor(0.0090, grad_fn=<SmoothL1LossBackward0>)"
800,42575,46,20.0,"tensor(0.5947, grad_fn=<SmoothL1LossBackward0>)"
801,42592,16,10.0,"tensor(0.2882, grad_fn=<SmoothL1LossBackward0>)"
802,42673,80,30.0,"tensor(0.3156, grad_fn=<SmoothL1LossBackward0>)"
803,42715,41,10.0,"tensor(0.3013, grad_fn=<SmoothL1LossBackward0>)"
804,42789,73,30.0,"tensor(0.4182, grad_fn=<SmoothL1LossBackward0>)"
805,42869,79,50.0,"tensor(0.0085, grad_fn=<SmoothL1LossBackward0>)"
806,42949,79,40.0,"tensor(0.4406, grad_fn=<SmoothL1LossBackward0>)"
807,42981,31,40.0,"tensor(0.2913, grad_fn=<SmoothL1LossBackward0>)"
808,42998,16,30.0,"tensor(0.2953, grad_fn=<SmoothL1LossBackward0>)"
809,43095,96,20.0,"tensor(0.0096, grad_fn=<SmoothL1LossBackward0>)"
810,43176,80,60.0,"tensor(0.0061, grad_fn=<SmoothL1LossBackward0>)"
811,43331,154,50.0,"tensor(0.0102, grad_fn=<SmoothL1LossBackward0>)"
812,43614,282,30.0,"tensor(0.5700, grad_fn=<SmoothL1LossBackward0>)"
813,43620,5,10.0,"tensor(0.6014, grad_fn=<SmoothL1LossBackward0>)"
814,43737,116,20.0,"tensor(0.0158, grad_fn=<SmoothL1LossBackward0>)"
815,43776,38,20.0,"tensor(0.2863, grad_fn=<SmoothL1LossBackward0>)"
816,43784,7,0.0,"tensor(0.3024, grad_fn=<SmoothL1LossBackward0>)"
817,43824,39,40.0,"tensor(0.0127, grad_fn=<SmoothL1LossBackward0>)"
818,43829,4,0.0,"tensor(0.3055, grad_fn=<SmoothL1LossBackward0>)"
819,43860,30,20.0,"tensor(0.0067, grad_fn=<SmoothL1LossBackward0>)"
820,43996,135,70.0,"tensor(0.2984, grad_fn=<SmoothL1LossBackward0>)"
821,44052,55,10.0,"tensor(0.5639, grad_fn=<SmoothL1LossBackward0>)"
822,44095,42,20.0,"tensor(0.0126, grad_fn=<SmoothL1LossBackward0>)"
823,44133,37,40.0,"tensor(0.4983, grad_fn=<SmoothL1LossBackward0>)"
824,44309,175,40.0,"tensor(0.3125, grad_fn=<SmoothL1LossBackward0>)"
825,44332,22,0.0,"tensor(0.8716, grad_fn=<SmoothL1LossBackward0>)"
826,44350,17,0.0,"tensor(0.4960, grad_fn=<SmoothL1LossBackward0>)"
827,44433,82,30.0,"tensor(0.2908, grad_fn=<SmoothL1LossBackward0>)"
828,44538,104,30.0,"tensor(0.0098, grad_fn=<SmoothL1LossBackward0>)"
829,44606,67,60.0,"tensor(0.2849, grad_fn=<SmoothL1LossBackward0>)"
830,44613,6,0.0,"tensor(0.3011, grad_fn=<SmoothL1LossBackward0>)"
831,44644,30,20.0,"tensor(0.3527, grad_fn=<SmoothL1LossBackward0>)"
832,44850,205,60.0,"tensor(0.6042, grad_fn=<SmoothL1LossBackward0>)"
833,44859,8,0.0,"tensor(0.4167, grad_fn=<SmoothL1LossBackward0>)"
834,45057,197,60.0,"tensor(0.0483, grad_fn=<SmoothL1LossBackward0>)"
835,45080,22,0.0,"tensor(0.4882, grad_fn=<SmoothL1LossBackward0>)"
836,45088,7,0.0,"tensor(0.8784, grad_fn=<SmoothL1LossBackward0>)"
837,45120,31,20.0,"tensor(0.3016, grad_fn=<SmoothL1LossBackward0>)"
838,45214,93,60.0,"tensor(0.2537, grad_fn=<SmoothL1LossBackward0>)"
839,45278,63,40.0,"tensor(0.1410, grad_fn=<SmoothL1LossBackward0>)"
840,45316,37,10.0,"tensor(0.2975, grad_fn=<SmoothL1LossBackward0>)"
841,45322,5,0.0,"tensor(0.0097, grad_fn=<SmoothL1LossBackward0>)"
842,45347,24,10.0,"tensor(0.0306, grad_fn=<SmoothL1LossBackward0>)"
843,45391,43,20.0,"tensor(0.0030, grad_fn=<SmoothL1LossBackward0>)"
844,45462,70,40.0,"tensor(0.5904, grad_fn=<SmoothL1LossBackward0>)"
845,45523,60,10.0,"tensor(1.1019, grad_fn=<SmoothL1LossBackward0>)"
846,45597,73,60.0,"tensor(0.3081, grad_fn=<SmoothL1LossBackward0>)"
847,45607,9,0.0,"tensor(0.5934, grad_fn=<SmoothL1LossBackward0>)"
848,45639,31,10.0,"tensor(0.0137, grad_fn=<SmoothL1LossBackward0>)"
849,45658,18,0.0,"tensor(0.0078, grad_fn=<SmoothL1LossBackward0>)"
850,45704,45,10.0,"tensor(0.3019, grad_fn=<SmoothL1LossBackward0>)"
851,45757,52,20.0,"tensor(0.0072, grad_fn=<SmoothL1LossBackward0>)"
852,45767,9,0.0,"tensor(0.6132, grad_fn=<SmoothL1LossBackward0>)"
853,45772,4,0.0,"tensor(0.0088, grad_fn=<SmoothL1LossBackward0>)"
854,45865,92,90.0,"tensor(0.0696, grad_fn=<SmoothL1LossBackward0>)"
855,45891,25,10.0,"tensor(0.2952, grad_fn=<SmoothL1LossBackward0>)"
856,45933,41,20.0,"tensor(0.0054, grad_fn=<SmoothL1LossBackward0>)"
857,46027,93,60.0,"tensor(0.3528, grad_fn=<SmoothL1LossBackward0>)"
858,46087,59,30.0,"tensor(0.3032, grad_fn=<SmoothL1LossBackward0>)"
859,46110,22,0.0,"tensor(0.0095, grad_fn=<SmoothL1LossBackward0>)"
860,46167,56,50.0,"tensor(0.0383, grad_fn=<SmoothL1LossBackward0>)"
861,46174,6,0.0,"tensor(0.6962, grad_fn=<SmoothL1LossBackward0>)"
862,46218,43,10.0,"tensor(0.2966, grad_fn=<SmoothL1LossBackward0>)"
863,46252,33,0.0,"tensor(0.2892, grad_fn=<SmoothL1LossBackward0>)"
864,46290,37,10.0,"tensor(0.2685, grad_fn=<SmoothL1LossBackward0>)"
865,46327,36,20.0,"tensor(0.2854, grad_fn=<SmoothL1LossBackward0>)"
866,46333,5,0.0,"tensor(0.5912, grad_fn=<SmoothL1LossBackward0>)"
867,46484,150,60.0,"tensor(1.0199, grad_fn=<SmoothL1LossBackward0>)"
868,46625,140,30.0,"tensor(0.3002, grad_fn=<SmoothL1LossBackward0>)"
869,46626,0,0.0,"tensor(0.0100, grad_fn=<SmoothL1LossBackward0>)"
870,46632,5,0.0,"tensor(0.1188, grad_fn=<SmoothL1LossBackward0>)"
871,46646,13,0.0,"tensor(0.0115, grad_fn=<SmoothL1LossBackward0>)"
872,46682,35,10.0,"tensor(0.5597, grad_fn=<SmoothL1LossBackward0>)"
873,46801,118,70.0,"tensor(0.0058, grad_fn=<SmoothL1LossBackward0>)"
874,46892,90,40.0,"tensor(1.0162, grad_fn=<SmoothL1LossBackward0>)"
875,47124,231,110.0,"tensor(0.2937, grad_fn=<SmoothL1LossBackward0>)"
876,47150,25,20.0,"tensor(0.2252, grad_fn=<SmoothL1LossBackward0>)"
877,47175,24,10.0,"tensor(0.0309, grad_fn=<SmoothL1LossBackward0>)"
878,47204,28,35.0,"tensor(0.8413, grad_fn=<SmoothL1LossBackward0>)"
879,47220,15,0.0,"tensor(0.9101, grad_fn=<SmoothL1LossBackward0>)"
880,47273,52,20.0,"tensor(0.3326, grad_fn=<SmoothL1LossBackward0>)"
881,47275,1,0.0,"tensor(0.0095, grad_fn=<SmoothL1LossBackward0>)"
882,47280,4,0.0,"tensor(0.0038, grad_fn=<SmoothL1LossBackward0>)"
883,47374,93,30.0,"tensor(0.0091, grad_fn=<SmoothL1LossBackward0>)"
884,47509,134,60.0,"tensor(0.0036, grad_fn=<SmoothL1LossBackward0>)"
885,47607,97,30.0,"tensor(0.0038, grad_fn=<SmoothL1LossBackward0>)"
886,47624,16,10.0,"tensor(0.0071, grad_fn=<SmoothL1LossBackward0>)"
887,47649,24,0.0,"tensor(0.0113, grad_fn=<SmoothL1LossBackward0>)"
888,47706,56,10.0,"tensor(0.3019, grad_fn=<SmoothL1LossBackward0>)"
889,47714,7,0.0,"tensor(0.0195, grad_fn=<SmoothL1LossBackward0>)"
890,47730,15,0.0,"tensor(0.3483, grad_fn=<SmoothL1LossBackward0>)"
891,47744,13,10.0,"tensor(0.0088, grad_fn=<SmoothL1LossBackward0>)"
892,47778,33,20.0,"tensor(0.9310, grad_fn=<SmoothL1LossBackward0>)"
893,47808,29,10.0,"tensor(0.6029, grad_fn=<SmoothL1LossBackward0>)"
894,47813,4,0.0,"tensor(0.0077, grad_fn=<SmoothL1LossBackward0>)"
895,47888,74,50.0,"tensor(0.1792, grad_fn=<SmoothL1LossBackward0>)"
896,47929,40,10.0,"tensor(0.5798, grad_fn=<SmoothL1LossBackward0>)"
897,47993,63,20.0,"tensor(0.0129, grad_fn=<SmoothL1LossBackward0>)"
898,48019,25,20.0,"tensor(0.5994, grad_fn=<SmoothL1LossBackward0>)"
899,48023,3,0.0,"tensor(0.4811, grad_fn=<SmoothL1LossBackward0>)"
900,48046,22,30.0,"tensor(0.4943, grad_fn=<SmoothL1LossBackward0>)"
901,48068,21,10.0,"tensor(0.6690, grad_fn=<SmoothL1LossBackward0>)"
902,48073,4,0.0,"tensor(0.4209, grad_fn=<SmoothL1LossBackward0>)"
903,48078,4,0.0,"tensor(0.4195, grad_fn=<SmoothL1LossBackward0>)"
904,48100,21,10.0,"tensor(0.1457, grad_fn=<SmoothL1LossBackward0>)"
905,48108,7,10.0,"tensor(0.6152, grad_fn=<SmoothL1LossBackward0>)"
906,48145,36,30.0,"tensor(0.4225, grad_fn=<SmoothL1LossBackward0>)"
907,48185,39,0.0,"tensor(0.3452, grad_fn=<SmoothL1LossBackward0>)"
908,48262,76,50.0,"tensor(0.8843, grad_fn=<SmoothL1LossBackward0>)"
909,48360,97,30.0,"tensor(0.7585, grad_fn=<SmoothL1LossBackward0>)"
910,48402,41,20.0,"tensor(0.2766, grad_fn=<SmoothL1LossBackward0>)"
911,48408,5,0.0,"tensor(0.1907, grad_fn=<SmoothL1LossBackward0>)"
912,48429,20,20.0,"tensor(0.5769, grad_fn=<SmoothL1LossBackward0>)"
913,48467,37,30.0,"tensor(0.3641, grad_fn=<SmoothL1LossBackward0>)"
914,48574,106,50.0,"tensor(0.2933, grad_fn=<SmoothL1LossBackward0>)"
915,48579,4,0.0,"tensor(0.4603, grad_fn=<SmoothL1LossBackward0>)"
916,48602,22,10.0,"tensor(0.4897, grad_fn=<SmoothL1LossBackward0>)"
917,48607,4,10.0,"tensor(0.8636, grad_fn=<SmoothL1LossBackward0>)"
918,48735,127,50.0,"tensor(0.2840, grad_fn=<SmoothL1LossBackward0>)"
919,48792,56,50.0,"tensor(0.0296, grad_fn=<SmoothL1LossBackward0>)"
920,48825,32,20.0,"tensor(0.6976, grad_fn=<SmoothL1LossBackward0>)"
921,49008,182,110.0,"tensor(0.1154, grad_fn=<SmoothL1LossBackward0>)"
922,49151,142,65.0,"tensor(0.4072, grad_fn=<SmoothL1LossBackward0>)"
923,49207,55,15.0,"tensor(0.2664, grad_fn=<SmoothL1LossBackward0>)"
924,49228,20,0.0,"tensor(1.1533, grad_fn=<SmoothL1LossBackward0>)"
925,49381,152,90.0,"tensor(0.3472, grad_fn=<SmoothL1LossBackward0>)"
926,49386,4,0.0,"tensor(0.5075, grad_fn=<SmoothL1LossBackward0>)"
927,49392,5,10.0,"tensor(0.3841, grad_fn=<SmoothL1LossBackward0>)"
928,49449,56,30.0,"tensor(0.0902, grad_fn=<SmoothL1LossBackward0>)"
929,49576,126,110.0,"tensor(0.6690, grad_fn=<SmoothL1LossBackward0>)"
930,49746,169,20.0,"tensor(0.2089, grad_fn=<SmoothL1LossBackward0>)"
931,49762,15,15.0,"tensor(0.0455, grad_fn=<SmoothL1LossBackward0>)"
932,49777,14,0.0,"tensor(0.1969, grad_fn=<SmoothL1LossBackward0>)"
933,49796,18,0.0,"tensor(1.2245, grad_fn=<SmoothL1LossBackward0>)"
934,49818,21,20.0,"tensor(1.3301, grad_fn=<SmoothL1LossBackward0>)"
935,49842,23,10.0,"tensor(0.1525, grad_fn=<SmoothL1LossBackward0>)"
936,49865,22,10.0,"tensor(0.3124, grad_fn=<SmoothL1LossBackward0>)"
937,50103,237,60.0,"tensor(0.7405, grad_fn=<SmoothL1LossBackward0>)"
938,50116,12,10.0,"tensor(0.0665, grad_fn=<SmoothL1LossBackward0>)"
939,50185,68,40.0,"tensor(0.2994, grad_fn=<SmoothL1LossBackward0>)"
940,50220,34,10.0,"tensor(0.4225, grad_fn=<SmoothL1LossBackward0>)"
941,50227,6,0.0,"tensor(0.4298, grad_fn=<SmoothL1LossBackward0>)"
942,50324,96,50.0,"tensor(0.7298, grad_fn=<SmoothL1LossBackward0>)"
943,50342,17,10.0,"tensor(0.3061, grad_fn=<SmoothL1LossBackward0>)"
944,50377,34,0.0,"tensor(0.3439, grad_fn=<SmoothL1LossBackward0>)"
945,50384,6,0.0,"tensor(1.0119, grad_fn=<SmoothL1LossBackward0>)"
946,50696,311,80.0,"tensor(0.6583, grad_fn=<SmoothL1LossBackward0>)"
947,50724,27,20.0,"tensor(0.3430, grad_fn=<SmoothL1LossBackward0>)"
948,50796,71,50.0,"tensor(1.0308, grad_fn=<SmoothL1LossBackward0>)"
949,50804,7,0.0,"tensor(1.1057, grad_fn=<SmoothL1LossBackward0>)"
950,50814,9,10.0,"tensor(0.1283, grad_fn=<SmoothL1LossBackward0>)"
951,51059,244,50.0,"tensor(0.4790, grad_fn=<SmoothL1LossBackward0>)"
952,51448,388,130.0,"tensor(0.4969, grad_fn=<SmoothL1LossBackward0>)"
953,51697,248,45.0,"tensor(1.1292, grad_fn=<SmoothL1LossBackward0>)"
954,51750,52,60.0,"tensor(0.3032, grad_fn=<SmoothL1LossBackward0>)"
955,51753,2,0.0,"tensor(0.0705, grad_fn=<SmoothL1LossBackward0>)"
956,51759,5,0.0,"tensor(0.4212, grad_fn=<SmoothL1LossBackward0>)"
957,51821,61,50.0,"tensor(0.6835, grad_fn=<SmoothL1LossBackward0>)"
958,51998,176,30.0,"tensor(0.4307, grad_fn=<SmoothL1LossBackward0>)"
959,52009,10,0.0,"tensor(0.4485, grad_fn=<SmoothL1LossBackward0>)"
960,52023,13,10.0,"tensor(0.0805, grad_fn=<SmoothL1LossBackward0>)"
961,52060,36,30.0,"tensor(0.7747, grad_fn=<SmoothL1LossBackward0>)"
962,52089,28,20.0,"tensor(0.0422, grad_fn=<SmoothL1LossBackward0>)"
963,52164,74,20.0,"tensor(0.1584, grad_fn=<SmoothL1LossBackward0>)"
964,52254,89,50.0,"tensor(0.4490, grad_fn=<SmoothL1LossBackward0>)"
965,52363,108,30.0,"tensor(0.4964, grad_fn=<SmoothL1LossBackward0>)"
966,52393,29,20.0,"tensor(0.6812, grad_fn=<SmoothL1LossBackward0>)"
967,52424,30,20.0,"tensor(0.4492, grad_fn=<SmoothL1LossBackward0>)"
968,52469,44,20.0,"tensor(1.3326, grad_fn=<SmoothL1LossBackward0>)"
969,52512,42,30.0,"tensor(0.5262, grad_fn=<SmoothL1LossBackward0>)"
970,52559,46,30.0,"tensor(0.0939, grad_fn=<SmoothL1LossBackward0>)"
971,52635,75,20.0,"tensor(0.0487, grad_fn=<SmoothL1LossBackward0>)"
972,52650,14,10.0,"tensor(0.3850, grad_fn=<SmoothL1LossBackward0>)"
973,52674,23,10.0,"tensor(0.2192, grad_fn=<SmoothL1LossBackward0>)"
974,52735,60,30.0,"tensor(0.4409, grad_fn=<SmoothL1LossBackward0>)"
975,52775,39,20.0,"tensor(0.1310, grad_fn=<SmoothL1LossBackward0>)"
976,52803,27,20.0,"tensor(0.1236, grad_fn=<SmoothL1LossBackward0>)"
977,52861,57,20.0,"tensor(0.4541, grad_fn=<SmoothL1LossBackward0>)"
978,52891,29,60.0,"tensor(0.6090, grad_fn=<SmoothL1LossBackward0>)"
979,52899,7,10.0,"tensor(0.3214, grad_fn=<SmoothL1LossBackward0>)"
980,52978,78,60.0,"tensor(0.0430, grad_fn=<SmoothL1LossBackward0>)"
981,52999,20,0.0,"tensor(1.0304, grad_fn=<SmoothL1LossBackward0>)"
982,53037,37,20.0,"tensor(0.8842, grad_fn=<SmoothL1LossBackward0>)"
983,53065,27,10.0,"tensor(0.6821, grad_fn=<SmoothL1LossBackward0>)"
984,53210,144,80.0,"tensor(0.5093, grad_fn=<SmoothL1LossBackward0>)"
985,53243,32,10.0,"tensor(0.3572, grad_fn=<SmoothL1LossBackward0>)"
986,53249,5,0.0,"tensor(0.3910, grad_fn=<SmoothL1LossBackward0>)"
987,53253,3,0.0,"tensor(0.6073, grad_fn=<SmoothL1LossBackward0>)"
988,53276,22,10.0,"tensor(0.3560, grad_fn=<SmoothL1LossBackward0>)"
989,53358,81,50.0,"tensor(1.1430, grad_fn=<SmoothL1LossBackward0>)"
990,53363,4,0.0,"tensor(0.1567, grad_fn=<SmoothL1LossBackward0>)"
991,53528,164,40.0,"tensor(0.6567, grad_fn=<SmoothL1LossBackward0>)"
992,53565,36,30.0,"tensor(0.6455, grad_fn=<SmoothL1LossBackward0>)"
993,53581,15,10.0,"tensor(0.7230, grad_fn=<SmoothL1LossBackward0>)"
994,53611,29,20.0,"tensor(0.6336, grad_fn=<SmoothL1LossBackward0>)"
995,53629,17,10.0,"tensor(0.4236, grad_fn=<SmoothL1LossBackward0>)"
996,53657,27,10.0,"tensor(0.4101, grad_fn=<SmoothL1LossBackward0>)"
997,53677,19,20.0,"tensor(0.1995, grad_fn=<SmoothL1LossBackward0>)"
998,53732,54,20.0,"tensor(0.3582, grad_fn=<SmoothL1LossBackward0>)"
999,53768,35,10.0,"tensor(0.3786, grad_fn=<SmoothL1LossBackward0>)"
